:020000040800F2
:10000000A02A002035F8000815F0000817F00008B5
:1000100019F000081BF000081DF0000800000000A7
:100020000000000000000000000000001FF00008B9
:1000300021F000080000000023F0000825F000086F
:1000400049FB00084DFB000851FB000855FB000868
:1000500059FB00085DFB000861FB000865FB000818
:1000600069FB00086DFB000871FB000875FB0008C8
:1000700079FB000835F000087DFB000881FB0008D3
:100080003FF0000885FB000889FB00088DFB000895
:1000900091FB000895FB000899FB00089DFB0008F8
:1000A000A1FB0008A5FB0008A9FB0008ADFB0008A8
:1000B00049F000080000000000000000B1FB00084B
:1000C000B5FB0008B9FB0008BDFB0008C1FB000838
:1000D000C5FB000853F000085DF0000867F0000859
:1000E000C9FB000871F000080000000000000000DB
:1000F0000000000000000000000000000000000000
:1001000000000000CDFB000800000000D1FB00084B
:100110000000000000000000D5FB0008D9FB00082B
:10012000DDFB0008E1FB0008E5FB0008E9FB000837
:10013000EDFB0008000000000000000000000000CF
:10014000F1FB0008F5FB0008F9FB0008FDFB0008C7
:1001500001FC00087BF0000805FC000809FC000811
:100160000DFC000811FC000815FC00080000000050
:1001700019FC00081DFC000821FC0008000000001C
:1001800025FC000829FC00082DFC000810B504001F
:100190000021DFF8E80A01F0A9F9012010BDF8B547
:1001A000040001F0BFFADFF8D4592968401ADFF8DB
:1001B000D019086001F0B6FA28600025DFF8C4699C
:1001C00030680078522813D1306840790D280FD15B
:1001D000306841786422306883780A20434302FB08
:1001E00001313068C0780918DFF89C0941180D000A
:1001F000DFF8247A280000F01BF987ED000A97ED5C
:10020000000A00F085F987ED010ADFF8800901781E
:1002100001291ED1418800EE101AB8EE400AD7ED30
:10022000010AB4EE600AF1EE10FA0BDB408800EE32
:10023000100AB8EE400AD7ED010A30EE600A87EDE9
:10024000010A06E0408800EE100AB8EE400A87ED89
:10025000010A300001F0B4FA0321DFF8380C01F094
:1002600084FB0120F2BD000070B52DED048B04006D
:1002700000219FEDA48ADFEDA38ADFF8A05928783A
:1002800000282BD1DFF8900990ED010AF3EE040A63
:10029000B4EE600AF1EE10FA01D500262BE090EDE5
:1002A000010ADFED990A30EE200ADFED980A80EEB0
:1002B000200AAA886888121A00EE902AF8EEE00A4E
:1002C000688801EE100AB8EE411A00EE201AB0EE6E
:1002D000418ABCEEC80A10EE106A0CE0E8886A8811
:1002E000904201D26E8806E0A888EA88904201D246
:1002F000AE8800E0EE88330000220021DFF87C09A0
:1003000001F02BF96888301A00EE100AB8EE400AA6
:10031000A9886888091A00EE901AF8EEE00A80EEC3
:10032000209AB3EE000AF1EE000A49EE000ADFF867
:10033000E808C0ED020A2100C9B2DFF8580B01F04D
:1003400014FB0120BDEC048B70BD10B50400DFF878
:10035000C808002141602100C9B2DFF8380B01F064
:1003600004FB012010BD10B504002100C9B2DFF864
:10037000240B01F0FAFA012010BD10B50400DFF8DB
:10038000A40901F03DFB2100C9B2DFF8080B01F020
:10039000ECFA012010BD2DE9F04100242500EDB25A
:1003A0000F2D43DA00252E00F6B20E2E3CDA2E0079
:1003B000F6B201EB860676682F00FFB251F827707F
:1003C000BE422FDA00262F00FFB251F82770AC464C
:1003D0005FFA8CFC01EB8C0CDCF804C0AE465FFAD3
:1003E0008EFE41F82EC0AC465FFA8CFC01EB8C0C03
:1003F000CCF80470AC465FFA8CFC50F82CC0AE46CA
:100400005FFA8EFE00EB8E0EDEF804E0A8465FFA7F
:1004100088F840F828E0AE465FFA8EFE00EB8E0EBC
:10042000CEF804C06D1CBEE7641CB7E7BDE8F081E0
:1004300038B52DED028B04009FED328ADFF84419A8
:10044000087800282AD10120087000210800C0B2D5
:100450000F2815DA0800C0B2DFF82C2C0B00DBB235
:1004600042F82300DFF820290800C0B252F820002B
:10047000002803D10800C0B242F82040491CE5E73B
:10048000DFF804590E2300222900DFF8FC0BFFF7E8
:1004900082FF95ED070AB8EEC00A30E000200100A7
:1004A000C9B20F291EDADFF8E01B0200D2B251F800
:1004B00022200E2A0BD100220300DBB241F82320B8
:1004C000DFF8C4180200D2B241F8224008E002006E
:1004D000D2B251F82220521C0300DBB241F8232093
:1004E000401CDCE7DFF8A0580E2300222900DFF8CB
:1004F000980BFFF750FF95ED070AB8EEC00ABDEC68
:10050000028B31BD00000000000048C2008054444E
:10051000F0EE400A9FED990ADFED981A9FED972AB9
:10052000DFF8F40690ED041AD0ED062AB4EE621A54
:10053000F1EE10FA25D090ED051AD0ED072AB4EEB1
:10054000621AF1EE10FA1CD090ED071AD0ED052AD0
:1005500031EE621AD0ED062A90ED043A72EEC32A0B
:1005600081EE221AF0EE411A90ED041AD0ED052A20
:1005700041EEC12AB0EE622AB0EE421A01EEA01A94
:1005800001E0B0EE601A90ED030A31EE000A9FED33
:100590007C1AB4EE410AF1EE10FA01D5B0EE410A30
:1005A0009FED781AB4EE410AF1EE10FA03DB9FEDED
:1005B000CE1AB0EE410A70472DE9F84F2DED028BAF
:1005C00092B00400B0EE408A3221002204AD28002F
:1005D00001F03AFA5FF0000B002003900020029037
:1005E000002001900020009000252000C0B20028CB
:1005F00003D002280DD005D312E0DFF81C0680EDF1
:10060000038A0DE0DFF810060168016180ED058ABC
:1006100006E0DFF804060168816180ED078AFFE7E4
:10062000DFF8F4A59AED030A01F03AFC06009AED12
:10063000040A01F035FC07009AED050A01F030FCD0
:1006400080469AED060A01F02BFC81469AED070AD6
:1006500001F026FC824604A83100090E5A46D2B2A7
:1006600081541BF1010B3100090C5A46D2B281545E
:100670001BF1010B3100090A5A46D2B281541BF119
:10068000010B5946C9B246541BF1010B3900090E42
:100690005A46D2B281541BF1010B3900090C5A465B
:1006A000D2B281541BF1010B3900090A5A46D2B269
:1006B00081541BF1010B5946C9B247541BF1010B80
:1006C0004146090E5A46D2B281541BF1010B4146F4
:1006D000090C5A46D2B281541BF1010B4146090A5A
:1006E0005A46D2B281541BF1010B5946C9B200F8E7
:1006F00001801BF1010B4946090E5A46D2B28154C2
:100700001BF1010B4946090C5A46D2B281541BF128
:10071000010B4946090A5A46D2B281541BF1010B1A
:100720005946C9B200F801901BF1010B5146090E60
:100730005A46D2B281541BF1010B5146090C5A465C
:10074000D2B281541BF1010B5146090A5A46D2B26A
:1007500081541BF1010B5946C9B200F801A01BF1ED
:10076000010B5A46D2B292B204A9DFF8B80901F0DF
:100770001FFC12B0BDEC028BBDE8F18F0000000041
:1007800000004842010061442DE9F843002400259F
:10079000002600275FF00008DFF888090078C0B263
:1007A000FF2800F08F80DFF8D8090178C9B2090668
:1007B000DFF8D0090078C0B251EA0041DFF8C8097B
:1007C0000078C0B251EA0021DFF8C0090078C0B259
:1007D00001430C00DFF8B8090178C9B20906DFF857
:1007E000B4090078C0B251EA0041DFF8AC090078E2
:1007F000C0B251EA0021DFF8A4090078C0B2014379
:100800000D00DFF89C090178C9B20906DFF89409E8
:100810000078C0B251EA0041DFF88C090078C0B21C
:1008200051EA0021DFF884090078C0B201430E00CC
:10083000DFF87C090178C9B20906DFF87809007889
:10084000C0B251EA0041DFF80C0A0078C0B251EAA8
:100850000021DFF8040A0078C0B201430F00DFF87E
:10086000FC090178C9B20906DFF8F4090078C0B2C2
:1008700051EA0041DFF8EC090078C0B251EA0021EA
:10088000DFF8E4090078C0B201438846DFF88893B6
:1008900019F10C01200001F02BFA19F110012800C8
:1008A00001F026FA19F11401300001F021FA19F1D2
:1008B0001801380001F01CFA19F11C01404601F042
:1008C00017FA0FE0DFF850030021C1609FED630AC3
:1008D00080ED040A80ED050A9FED030A80ED060A0B
:1008E00080ED070ABDE8F1830000614470B5002483
:1008F0000025DFF8E0090078C0B2FF283DD0DFF81E
:10090000D069DFF84C0A00783070DFF8480A0178C7
:10091000C9B20906DFF8400A0078C0B251EA0041C6
:10092000DFF8380A0078C0B251EA0021DFF8300A57
:100930000078C0B201430C00DFF8280A0178C9B280
:100940000906DFF8240A0078C0B251EA0041DFF856
:100950001C0A0078C0B251EA0021DFF8140A0078BE
:10096000C0B201430D0016F10801200001F0C0F9EA
:10097000311D280001F0BCF908E0DFF8540900211E
:10098000017036498160DFF8AC14416070BD78B504
:100990008DB004000D00322100226E46300001F0BF
:1009A00053F800262000290080B289B2884223D261
:1009B0009A48448085806946428892B2120A330080
:1009C000DBB2CA54761C42883300DBB2CA54761CB0
:1009D000828892B2120A3300DBB2CA54761C808835
:1009E0003200D2B28854761C3200D2B292B269463A
:1009F000DFF8080A01F0DCFA0EB070BDDFF8FC0980
:100A00000078C0B2FF2820D0DFF8F4194888DFF85A
:100A1000F4291278D2B250EA022048804A88DFF8DE
:100A2000E8090078C0B202434A808888DFF8DC29F0
:100A30001278D2B250EA022088808A88DFF8D00982
:100A40000078C0B202438A8006E0DFF8B4090021D2
:100A5000418040F6FF7181807047000000004842ED
:100A600078B58DB004000D00322100226E463000B2
:100A700000F0EAFF00262000C0B202282BDA28008E
:100A800080B2322827DB280080B240F285318842CC
:100A900021DA3E4804704580694600223300DBB20B
:100AA000CA54761C02783300DBB2CA54761C4288E2
:100AB00092B2120A3300DBB2CA54761C408832006C
:100AC000D2B28854761C3200D2B292B26946DFF8B4
:100AD000440901F06DFA0EB070BDDFF838090078F6
:100AE000C0B2FF281BD0DFF830090078274908780A
:100AF00008700A78DFF82409007802430A704888F1
:100B0000DFF81C291278D2B250EA022048804A88C5
:100B1000DFF810090078C0B202434A8005E01B48A4
:100B2000002101704FF461714180704778B591B038
:100B300004000D003C21002202AE300000F084FFD2
:100B40000020ADF8040003221A21DFF8DC08007849
:100B500001F06EFF0B2000900023DFF8D02801A9E0
:100B600002A801F0AFF84FF47A73BDF8042002A98F
:100B7000DFF8BC0802F0C3F912B070BD682600208F
:100B8000642600206C0B002030EBFFFF6026002065
:100B900070B52DED028B92B004000D003C210022B7
:100BA00002AE300000F050FF0020ADF80400DFF886
:100BB000740501F0CDF918480021C1609FED9C8AB1
:100BC00080ED048A80ED058ADFED9A8AC0ED068A01
:100BD000C0ED078ADFF8FC0601F0BAF9DFF8F0068D
:100BE00000210170C0ED028A80ED018A0D20009085
:100BF0000023DFF8402801A902A801F063F84FF4B0
:100C00007A73BDF8042002A9DFF8240802F077F90E
:100C100012B0BDEC028B70BD5C2500203826002090
:100C200038B590B004000D0003A8DFF80C1832228C
:100C300003F066F9DFF80408D0E90023CDE90123C9
:100C400003A801900023DFF8E007427802A903A877
:100C500000F0C3FF0220009000238FA202A903A886
:100C600001F030F84FF47A73BDF808200199DFF8ED
:100C7000C00702F044F911B030BD0000E0250020AB
:100C8000F8B504000D0000262068007830283FDB0E
:100C9000206800783A283BDA002700200100C9B21A
:100CA000A28889B291420FD221680200D2B2895C37
:100CB000302905DB21680200D2B2895C3A2900DBC9
:100CC00002E07F1C401CE9E73900C9B2206801F04E
:100CD000B1F80600B6F5807F10D2DFF84C078278B5
:100CE0003100C9B2007801F0A3FE4FF47A730222FA
:100CF000A7A1DFF83C0702F002F912E04FF47A7383
:100D00000522DFF83C17DFF8280702F0F8F808E0C2
:100D10004FF47A730522DFF82817DFF8140702F082
:100D2000EEF8F1BDF425002038B590B004000D00B8
:100D300003A8DFF81017322203F0E2F8DFF8080703
:100D4000D0E90023CDE9012303A801900023DFF8B7
:100D5000D806827802A903A800F03FFF0220009085
:100D600000234DA202A903A800F0ACFF4FF47A7350
:100D7000BDF808200199DFF8B80602F0C0F811B0FC
:100D800030BD000092260020A0240020F8B5040009
:100D90000D0000262068007830283EDB20680078AF
:100DA0003A283ADA002700200100C9B2A28889B2A5
:100DB00091420FD221680200D2B2895C302905DB52
:100DC00021680200D2B2895C3A2900DB02E07F1C74
:100DD000401CE9E73900C9B2206801F02BF8060091
:100DE0000C2E10D2DFF840063200D2B241780078E3
:100DF00001F01EFE4FF47A73022265A1DFF830067F
:100E000002F07DF812E04FF47A730522DFF8301615
:100E1000DFF81C0602F073F808E04FF47A7305223D
:100E2000DFF81C16DFF8080602F069F8F1BD0000D3
:100E3000000048420000614438B590B004000D0045
:100E400003A8DFF80816322203F05AF8DFF800068C
:100E5000D0E90023CDE9012303A801900023DFF8A6
:100E6000A005027802A903A800F0B7FE02200090B6
:100E7000002309A202A903A800F024FF4FF47A730B
:100E8000BDF808200199DFF8A80502F038F811B084
:100E900030BD0000640600200D0A0000F8B5040013
:100EA0000D00002620680078302839DB20680078A3
:100EB0003A2835DA002700200100C9B2A28889B299
:100EC00091420FD221680200D2B2895C302905DB41
:100ED00021680200D2B2895C3A2900DB02E07F1C63
:100EE000401CE9E73900C9B2206800F0A3FF060002
:100EF000022E0BD2DFF8080506704FF47A73022237
:100F000023A1DFF82C0501F0FAFF12E04FF47A7309
:100F10000522DFF82C15DFF8180501F0F0FF08E0D6
:100F20004FF47A730522DFF81815DFF8040501F095
:100F3000E6FFF1BD38B590B004000D0003A8DFF85E
:100F40001415322202F0DCFFDFF80C05D0E9002393
:100F5000CDE9012303A801900023DFF8A404C2888F
:100F600002A903A800F039FE02200090002383A20A
:100F700002A903A800F0A6FE4FF47A73BDF808207A
:100F80000199DFF8AC0401F0BAFF11B030BD0000E8
:100F90004F4B0000F8B504000D00002620680078D3
:100FA00030283ADB206800783A2836DA002700201B
:100FB0000100C9B2A28889B291420FD22168020011
:100FC000D2B2895C302905DB21680200D2B2895C8B
:100FD0003A2900DB02E07F1C401CE9E73900C9B276
:100FE000206800F027FF0600B6F5805F0BD2DFF81F
:100FF0001004C6804FF47A73022295A1DFF8300402
:1010000001F07DFF12E04FF47A730522DFF830140F
:10101000DFF81C0401F073FF08E04FF47A73052237
:10102000DFF81C14DFF8080401F069FFF1BD38B5E2
:1010300090B004000D0003A8DFF82014322202F063
:101040005FFFDFF81C04D0E90023CDE9012303A8EA
:1010500001900023DFF8A803428802A903A800F04A
:10106000BCFD02200090002344A202A903A800F0C6
:1010700029FE4FF47A73BDF808200199DFF8B00318
:1010800001F03DFF11B030BD64240020F8B504002C
:101090000D0000262068007830283ADB20680078B0
:1010A0003A2836DA002700200100C9B2A28889B2A6
:1010B00091420FD221680200D2B2895C302905DB4F
:1010C00021680200D2B2895C3A2900DB02E07F1C71
:1010D000401CE9E73900C9B2206800F0ABFE060009
:1010E000B6F5805F0DD2C6488188300080B2FFF728
:1010F0004EFC4FF47A73022255A1CD4801F0FFFE59
:101100000EE04FF47A730522CD49C94801F0F7FE8D
:1011100006E04FF47A730522C949C54801F0EFFE95
:10112000F1BD00000008020838B590B004000D00C1
:1011300003A8CC49322202F0E3FECB48D0E90023D9
:10114000CDE9012303A801900023AD48828802A9BC
:1011500003A800F042FD02200090002307A202A98C
:1011600003A800F0AFFD4FF47A73BDF80820019991
:10117000AF4801F0C4FE11B030BD00000D0A000000
:101180000208020803080208040802080508020809
:1011900006080208070802080808020809080208E9
:1011A0000A0802080B0802080C0802080D080208C9
:1011B0000E0802080F080208F8B504000D0000260A
:1011C0002068007830283ADB206800783A2836DA40
:1011D000002700200100C9B2A28889B291420FD233
:1011E00021680200D2B2895C302905DB2168020047
:1011F000D2B2895C3A2900DB02E07F1C401CE9E79F
:101200003900C9B2206800F015FE0600B6F5805F0F
:101210000DD2310089B27A484088FFF7B8FB4FF40D
:101220007A7302220AA1824801F069FE0EE04FF4AF
:101230007A73052282497E4801F061FE06E04FF490
:101240007A7305227E497A4801F059FEF1BD00000B
:101250004F4B00001008020811080208120802088B
:1012600013080208140802081508020838B590B0DF
:1012700004000D0003A87D49322202F041FE7C48A3
:10128000D0E90023CDE9012303A80190FE2379488A
:1012900090ED020ADFED580A20EE200ABDEEC00AEA
:1012A00010EE102A02A903A800F097FC0520009078
:1012B0000023714A02A903A800F004FD4FF47A73D9
:1012C000BDF8082001995A4801F019FE11B030BD4F
:1012D000202600200010020880B5FFF755FAFFF71E
:1012E00005FBFFF78BFBFFF7F8FB64486449C0F888
:1012F000A4136449C0F8B4136349C0F8C413634924
:10130000C0F8D4136249C0F8E4136249C0F8F4137A
:101310006149C0F804146149C0F814146049C0F868
:1013200024146049C0F834145F49C0F844145F497C
:10133000C0F854145E49C0F864145E49C0F87414CF
:101340005D49C0F8841402F03EFE02F02DFE01BD9E
:101350000210020803100208041002080510020817
:1013600006100208071002080810020809100208F7
:101370000A10020870B50020002400252800C0B221
:10138000062836DA4D4E2800C0B2000130444078BD
:1013900001282CD1012004002800C0B200013044F3
:1013A000406800280ED000F0BDF92900C9B209013B
:1013B00031444968401A2900C9B209013144896899
:1013C000884214D300202900C9B209013144487071
:1013D00000F0A8F92900C9B2090131444860280089
:1013E000C0B22900C9B209013144C96888476D1CDF
:1013F000C4E72000C0B270BD0000C8420018020857
:1014000038260020021802080318020804180208EF
:101410000518020800200208022002080320020822
:10142000042002080520020818060020D8F8000849
:101430000C1F0020D4F5000880E50008C8FA000859
:10144000B8FA000838F10008D0FA00086CF100087A
:10145000D8FA0008A0F10008E0FA0008D4F100086A
:10146000E8FA000808F20008F0FA00083CF2000868
:10147000F8FA00085C250020C0FA0008CC0600201D
:101480002D0B0008910B0008210C0008810C0008AE
:10149000290D00088D0D0008390E00089D0E00086A
:1014A000350F0008950F00082F1000088D10000858
:1014B00029110008B91100086D1200086406002007
:1014C00010B50400002C01D101200EE02079002885
:1014D00004D100206071200002F0C4FD02202071C0
:1014E0000020206101202071002010BD10B40200F6
:1014F0005079012801D102202DE0012050710220F5
:10150000107110680368012411F010008440234317
:101510001068036000290CD11068006810F03C00CE
:10152000042813D11068406850F001001368586017
:101530000CE01068006810F47010B0F5802F05D131
:101540001068406850F00200136858600120107164
:1015500000205071002010BC704738B404000020F7
:10156000009020680090002905D1009D12F108002C
:101570004519009504E0009D12F1140045190095ED
:1015800000980360002032BC70472DE9F047050049
:101590000E0014005FF0000930690128306804284B
:1015A0006879012801D10220BAE001206871022087
:1015B0002871306804285AD100F0B4F88146002C14
:1015C0001CD12868406B000411D500F0ABF8B0EBDB
:1015D00009000228F5D32868406B0004F1D528697A
:1015E00050F00800286103202871032098E00120B2
:1015F00002F06EFDB069296808641BE02868406B42
:10160000002811D500F08EF8B0EB09000228F5D3C0
:101610002868406B0028F1D5286950F0080028613F
:101620000320287103207BE0012002F051FDB06906
:10163000296848642868816C40F2FF3214F0100079
:1016400082409143F26914F01000824011432868EF
:1016500081642868C16CFF2214F01000824091431D
:10166000326A14F01000824011432868C164306966
:10167000012810D12868816B1F2214F010008240CD
:1016800091437069804614F0100018FA00F001438D
:101690000F00286887632868C16B072214F01000C8
:1016A000824091433268B0680243F068024314F00C
:1016B000100012FA00F001432868C163286803682B
:1016C0004FF4804C14F010001CFA00FC33EA0C03B9
:1016D000286803602868036840F6FC7C14F010005A
:1016E0001CFA00FC33EA0C03D6F804C014F0100016
:1016F0001CFA00F00343286803602868D0F800E073
:101700005FF0C00A14F010001AFA00FA3EEA0A0E5E
:101710002868C0F800E001202871002068710020CE
:10172000BDE8F08701480068704700BF58260020D8
:1017300038B504000D00DFF8FC010168200000F05E
:1017400006F8A84201D3012000E0002032BD81420A
:1017500004D25FF0FF32101A081800E0081A704730
:1017600038B52DED048B08EE100A0C001500DFEDE6
:10177000438A2800C0B2FB2810DBB8EEC89A2800C4
:10178000C0B24042C0B200F08BF829EE009A0021AE
:101790002000B0EE490A00F0B1F80EE0B8EEC89AA9
:1017A0002800C0B200F07CF889EE009A2900C9B286
:1017B0002000B0EE490A00F0A1F8BDEC048B31BD69
:1017C00010B400210A00838892B29A4206D2002205
:1017D00003680C00A4B21A55491CF3E7002282806A
:1017E00010BC704710B4040013005A1E9BB2002BAB
:1017F00002D02170641CF7E710BC704770B504007C
:101800000D001600DFF8240100782100C9B28842DB
:1018100009D3DFF824211068002804D0310089B2F0
:1018200028001268904770BD38B504000D002800EC
:1018300002F062FC020092B229002000C0B2FFF761
:10184000DDFF31BD70B504000D00280002F054FC2E
:10185000020092B229002000C0B2FFF7CFFFDFF8EC
:10186000DC603068002807D0280002F045FC010049
:1018700089B228003268904770BD00000000000067
:1018800030B404000D0013005A1E9BB2002B04D08C
:101890002B7823706D1C641CF5E730BC704700008A
:1018A00010B504002000C0B2FB2816DB2000C0B237
:1018B000D0F5807002F03CFC41EC110B9FED200B49
:1018C00002F04BFC53EC102B0020194902F04EFCA7
:1018D00002F070FD00EE100A0FE02000C0B202F02E
:1018E0009DFD41EC110B9FED160B02F036FC51EC07
:1018F000100B02F05FFD00EE100A10BD38B52DEDA3
:10190000028B82B0B0EE408A04000D0018EE100A7F
:1019100002F092FDCDE900012A000B49200002F0FF
:10192000AFFD02B0BDEC028B31BD0000BE0B00204C
:101930000000F03F742600207C260020782600203E
:10194000000000000000244030FB000802000120DD
:101950000B00DBB21B011344587000200B00DBB2FC
:101960001B01134458600120704738B504000D0076
:1019700001202900C9B2090121444870FFF7D2FEB5
:101980002900C9B2090121444860012032BD38B59F
:101990000400002C01D1012031E04CF6CC4021683C
:1019A000086045F255502168086060682168486009
:1019B000A06821688860FFF7B5FE05002068C06850
:1019C00010F0070F0DD0FFF7ADFE401B41F60201EE
:1019D0008842F3D32068C06810F0070FEED00320D0
:1019E0000DE020680069E168884203D0E068216862
:1019F000086103E04AF6AA2021680860002032BD91
:101A000001004AF6AA200A6810600020704730B42E
:101A1000002513E050F8042BD30744BFA9F10103BC
:101A20009A18091F042942F8045BFAD213468C075E
:101A300044BF15809B1CC90748BF1D7050F8041B8C
:101A40000029E7D130BC704762F30F2262F31F42D6
:101A5000401810F0030308D0C91A1FD3DB0748BF92
:101A600000F8012D28BF20F8022D130030B41446D1
:101A70001546103928BF20E93C00FAD8490728BF8D
:101A800020E90C0048BF40F8042D890028BF20F849
:101A9000022D48BF00F8012D30BC7047C91818BF8F
:101AA00000F8012DCB0728BF00F8012D7047026810
:101AB000531C03601170704701000800C0B2002879
:101AC00001D1012021E00800C0B2FF2801D10A2085
:101AD0001BE00800C0B2FE2801D1642015E0080018
:101AE000C0B2FD2802D14FF47A700EE00800C0B2F7
:101AF000FC2802D142F2107007E00800C0B2FB28B7
:101B000002D1DFF8980300E0012070472DE9F24F81
:101B100082469346002000210A260027B046B94697
:101B2000009A1588BBF1000F08D5DBF100042D20C9
:101B30002A0092B20AF802006D1C00E05C46200008
:101B4000002142464B4602F0BBFC002901D100288F
:101B500008D0A6FB080106FB091107FB0811804607
:101B60008946ECE7404649460A22002302F0A8FCD9
:101B700006000F00002F01D1002E28D020000021E8
:101B800032003B0002F09CFC3030290089B20AF898
:101B900001006D1CA0465FF000092000002132000A
:101BA0003B0002F08DFCA6FB002306FB013307FB84
:101BB0000033B8EB020079EB030104003000390078
:101BC0000A22002302F07CFC06000F00D2E70098F6
:101BD00005802800C0B2BDE8F28F2DE9FE4F060057
:101BE0000F0090460020ADF80000002000240021E6
:101BF0005FF0000BB7F80090B8F1000F02D5D8F1F4
:101C0000000500E04546424639003000FFF77EFF00
:101C1000B7F800A0002D4FD09DF80800FFF74CFF4B
:101C200001008D4205D20A2045431BF1010B002D16
:101C3000F7D15846C0B2002821D050460200D2B297
:101C4000324412F8012C2D2A06D00200D2B24B46A3
:101C500092B29BB29A4208D130220300DBB2F25416
:101C60001AF1010ABBF1010BE3E70200D2B23244E0
:101C700012F8012C0300DBB2F254401EDEE70A200A
:101C8000B1FBF0F450468346002C15D00A20B4FB7B
:101C9000F0F45846C0B2304410F8010C5946C9B2AD
:101CA0007054BBF1010B002CEED12E205946C9B265
:101CB00070541AF1010AE7E7A7F800A05046C0B235
:101CC000BDE8FE8FF0B4049C00252E00B6B2A642FB
:101CD0000BD20E88771C0F802F00BFB217FA83F744
:101CE000D75DB6B287556D1CEFE7F0BC70470000BA
:101CF0002DE9F34F81B02DED028B9FED658A002415
:101D000001250026F7EE008A00273800C0B22028FF
:101D100064DA0398F84010F0010004003800C0B203
:101D2000172829DA18EE900A02F086FB82468B46C5
:101D30002000C0B202F072FB804689463800C0B273
:101D4000D0F117005FF0FF31484302F0F1F941ECA8
:101D5000110B9FED500B02F000FA51EC100B4246B4
:101D60004B4602F0C5FC52465B4602F093FD02F082
:101D700021FB08EE900A2FE03800C0B21F2824DAB9
:101D80003000C0B202F04AFB82468B462000C0B24F
:101D900002F044FB804689463800C0B2173802F092
:101DA000C7F941EC110B9FED3B0B02F0D6F951EC5A
:101DB000100B42464B4602F09BFC52465B4602F03B
:101DC00069FD02F025FE060006E02000C0B20128F1
:101DD00002D15FF0FF3005007F1C96E7280040B27B
:101DE00002F0A6F9804689463000C0B27F3802F082
:101DF0009FF941EC110B9FED270B02F0AEF951EC6E
:101E0000100B42464B4602F073FC8046894618EEA2
:101E1000900A02F011FB42464B4602F069FC02F0C8
:101E2000C9FA00EE100A049880ED000ABDEC028B9E
:101E3000BDE8F78F70B403000022002400200025C5
:101E40002A000E00D2B2F6B2B2421FD22A00D2B29B
:101E50009A5C302A0ADB2A00D2B29A5C3A2A05DA66
:101E60002A00D2B29A5C303A140001E00022140039
:101E70002A00D2B2002A03D12200D2B2100003E01D
:101E80000A22504350FA84F06D1CD9E770BC7047A9
:101E9000000000000000000000000040A0860100DB
:101EA00010B42DED010A00206A460023042B07D24E
:101EB000D45C1900C9B2C9008C4020435B1CF5E713
:101EC00012BC70472DE9F74F82B000265FF0000A80
:101ED0005FF0000B54465D46002000900127DDF8BE
:101EE0000C80DDF80890049810F0070F2BD10498AF
:101EF000C008002182468B4602F000FE4FF47A7043
:101F000002F014FE00200600300080B20021594586
:101F100017D801D3504514D2D8E9000104000D00B0
:101F200022002B004946002002F090FD07003800F7
:101F3000C0B2012805D019F1080918F10808761C6B
:101F4000E2E702F0ECFD3800C0B205B0BDE8F08F6A
:101F500070B50400012502F0D1FD06004FF47A703F
:101F600002F0E4FD3000C0B200280FD1C4F3CC2051
:101F7000B0F5807F05D20121C4F3CC2002F042FEEF
:101F800004E00121C4F3CC2002F03CFE4FF47A704F
:101F900002F0CCFD05000548016831F00201016046
:101FA00002F0BDFD2800C0B270BD00001420024048
:101FB0002DE9F041C0B004000D00160000274FF4D9
:101FC00080710022E8464046FFF73EFD2000FFF703
:101FD000BFFFA5208DF8000030008DF801005FF0F4
:101FE00000084046310080B289B288420AD2404699
:101FF00080B2285C6946424692B21144887018F15A
:102000000108EEE7B61C300080B20821B6B20836EF
:10201000361A90FBF1F001FB0066320092B269467D
:102020002000FFF74FFF002801D0002000E0012032
:1020300040B0BDE8F0812E0002000020704730B4AF
:102040000200DFF8780A00230468858863558388D6
:102050005B1C8380DFF8683A5B7804688588635589
:1020600083885B1C8380012030BC7047F8B5040076
:102070000D00002000212E0022683300DBB2D25C6C
:1020800023683700FFB23B445F7857EA02273A00E3
:1020900092B2B2F5807F24DA380080B2002820D0D6
:1020A000DFF8180A21683200D2B2895C026883889E
:1020B000D1548188491C818021683200D2B21144F8
:1020C000497802688388D1548188491C8180DFF86F
:1020D000740D82783900C9B2007800F0A9FC0120A3
:1020E00000E00020F2BD30B40200DFF8D009002388
:1020F00004688588635583885B1C8380DFF8443DD2
:102100009B7804688588635583885B1C83800120E5
:1021100030BC7047F8B504000D00002000212E00EF
:1021200022683300DBB2D25C23683700FFB23B4445
:102130005F7857EA02273A0092B20B2A20DADFF8DA
:102140007C0921683200D2B2895C02688388D1544C
:102150008188491C818021683200D2B211444978BB
:1021600002688388D1548188491C8180DFF8D40CAF
:102170003A00D2B24178007800F05AFC012000E029
:102180000020F2BD30B40200DFF8BC0C002304686C
:102190008588635583885B1C838001230468858858
:1021A000635583885B1C8380012030BC704730B44A
:1021B0000200DFF8940C0023046885886355838847
:1021C0005B1C8380002304688588635583885B1CBF
:1021D0008380012030BC7047F0B402000023DFF898
:1021E0006C0C90ED010ABDEEC00A10EE104ADFF84B
:1021F000580C25002DB22D1206688788F555858864
:102200006D1C858005688688AC5585886D1C858029
:102210000120F0BC704730B40200DFF82C0C002322
:1022200004688588635583885B1C83803223046837
:102230008588635583885B1C8380012030BC704790
:102240002DE9F0412DED028B04000D00002100204E
:102250002E0022683300DBB2D25C23683700FFB265
:102260003B445F7857EA02273A0092B2012A3CD1F8
:10227000DFF8480821683200D2B2895C026883889E
:10228000D1548188491C818021683200D2B2114426
:10229000497802688388D1548188491C8180DFF89D
:1022A000B08B4046FFF754FEDFF8A00B0021C16061
:1022B0009FEDB08A80ED048A80ED058ADFEDDC8A2F
:1022C000C0ED068AC0ED078ADFF8880BFFF740FEF5
:1022D0004046FFF73DFEDFF8800B00210170C0EDA6
:1022E000028A80ED018A012000E00020BDEC028B13
:1022F000BDE8F081F8B504000D000026DFF84C0BB6
:1023000090ED030AFFF7CCFD0100DFF83C0B0A005B
:10231000120A03688788DA558288521C8280026814
:102320008388D1548288521C82800A00120E03686E
:102330008788DA558288521C82800A00120C036852
:102340008788DA558288521C82800120F2BD2DE9EF
:10235000F84304000D000026002000900027A84646
:1023600020684146C9B20844817820684246D2B20A
:102370001044C07850EA012021684246D2B2895CFC
:1023800022684346DBB21A4492F8019059EA0129C7
:1023900059EA0049DFF8B00A21684246D2B2895CA6
:1023A00002688388D1548188491C81802168424613
:1023B000D2B21144497802688388D1548188491C7B
:1023C000818021684246D2B21144897802688388AC
:1023D000D1548188491C818021684246D2B211447F
:1023E000C97802688388D1548188491C81806946F4
:1023F0004846FFF77DFC9DED000A0020FEF7DCF863
:102400000120BDE8F283F8B504000D000026DFF8D6
:102410003C0A90ED050AFFF743FD0100DFF8280AAA
:102420000A00120A03688788DA558288521C828063
:1024300002688388D1548288521C82800A00120E5E
:1024400003688788DA558288521C82800A00120C41
:1024500003688788DA558288521C82800120F2BD89
:102460002DE9F84304000D0000260020009000270D
:10247000A84620684146C9B208448178206842468F
:10248000D2B21044C07850EA012021684246D2B24C
:10249000895C22684346DBB21A4492F8019059EAFB
:1024A000012959EA0049DFF8A00921684246D2B261
:1024B000895C02688388D1548188491C81802168A5
:1024C0004246D2B21144497802688388D154818847
:1024D000491C818021684246D2B211448978026841
:1024E0008388D1548188491C818021684246D2B2B8
:1024F0001144C97802688388D1548188491C81803D
:1025000069464846FFF7F4FB9DED000A0120FEF7FF
:1025100053F80120BDE8F283F8B504000D00002651
:10252000DFF8280990ED070AFFF7BAFC0100DFF891
:1025300018090A00120A03688788DA558288521C33
:10254000828002688388D1548288521C82800A006B
:10255000120E03688788DA558288521C82800A002E
:10256000120C03688788DA558288521C8280012009
:10257000F2BD0000000048422DE9F84304000D00C0
:102580000026002000900027A84620684146C9B2D6
:102590000844817820684246D2B21044C07850EA9C
:1025A000012021684246D2B2895C22684346DBB2F0
:1025B0001A4492F8019059EA012959EA0049DFF8D2
:1025C000880821684246D2B2895C02688388D15467
:1025D0008188491C818021684246D2B211444978E1
:1025E00002688388D1548188491C818021684246D1
:1025F000D2B21144897802688388D1548188491CF9
:10260000818021684246D2B21144C9780268838829
:10261000D1548188491C818069464846FFF768FB90
:102620009DED000A0220FDF7C7FF0120BDE8F283FF
:102630000000614430B40200DFF880040023046825
:102640008588635583885B1C8380DFF810381B788E
:1026500004688588635583885B1C8380012030BCB7
:102660007047F8B504000D00002000212E002268FC
:102670003300DBB2D25C23683700FFB23B445F78A3
:1026800057EA02273A0092B2022A1FDADFF82C0436
:1026900021683200D2B2895C02688388D154818873
:1026A000491C818021683200D2B211444978026805
:1026B0008388D1548188491C8180DFF8A007418834
:1026C0003800C0B2FEF7CCF9012000E00020F2BDD6
:1026D00070B40200DFF8E403DFF880375C88A4B24E
:1026E000240A05688688AC558488641C84805B88CD
:1026F00004688588635583885B1C8380012070BCD7
:102700007047F8B504000D00002000212E0022685B
:102710003300DBB2D25C23683700FFB23B445F7802
:1027200057EA02273A0092B2322A25DB380080B2FB
:1027300040F2853188421FDADFF8800321683200D9
:10274000D2B2895C02688388D1548188491C818017
:1027500021683200D2B21144497802688388D1548A
:102760008188491C8180390089B2DFF8F006007841
:10277000FEF776F9012000E00020F2BD30B402003F
:10278000CE48002304688588635583885B1C83805A
:10279000DFF8CC361B7804688588635583885B1C1A
:1027A0008380012030BC7047F0B402000020002577
:1027B0000B0014681E00F6B2A65D14681F00FFB27D
:1027C0003C44647854EA06242600B6B2B6F5807F0D
:1027D0001EDA200080B200281AD0B84815681E0002
:1027E000F6B2AD5D06688788F55585886D1C8580D5
:1027F00015681E00F6B235446D7806688788F55571
:1028000085886D1C8580DFF858060470012000E083
:102810000020F0BC704730B40200A84800230468D0
:102820008588635583885B1C8380DFF834365B883A
:1028300004688588635583885B1C8380012030BCD5
:102840007047F8B504000D00002000212E0022681A
:102850003300DBB2D25C23683700FFB23B445F78C1
:1028600057EA02273A0092B2B2F5807F22DA3800A6
:1028700080B200281ED0914821683200D2B2895C13
:1028800002688388D1548188491C81802168320084
:10289000D2B21144497802688388D1548188491C96
:1028A0008180DFF8BC058188380080B2FEF76FF8C0
:1028B000012000E00020F2BD30B402007F48002378
:1028C00004688588635583885B1C8380DFF89035B6
:1028D0009B8804688588635583885B1C83800120FE
:1028E00030BC7047F8B504000D00002000212E0018
:1028F00022683300DBB2D25C23683700FFB23B446E
:102900005F7857EA02273A0092B2B2F5807F22DA66
:10291000380080B200281ED0684821683200D2B248
:10292000895C02688388D1548188491C8180216830
:102930003200D2B21144497802688388D154818828
:10294000491C8180390089B2DFF814054088FEF700
:102950001EF8012000E00020F2BD30B4020057480C
:10296000002304688588635583885B1C8380DFF8B7
:10297000F034DB8804688588635583885B1C83801A
:10298000012030BC7047F0B40200002000250B008D
:1029900014681E00F6B2A65D14681F00FFB23C4426
:1029A000647854EA06242600B6B2B6F5807F1EDAB3
:1029B000200080B200281AD0404815681E00F6B2E8
:1029C000AD5D06688788F55585886D1C858015681E
:1029D0001E00F6B235446D7806688788F5558588FF
:1029E0006D1C8580DFF87804C480012000E00020A1
:1029F000F0BC704738B504000D0001224FF480711F
:102A00005FF0904002F0EDFA0A2001F061FB4FF414
:102A10007A732A0092B22100DFF8480400F06FFABE
:102A200000224FF480715FF0904002F0DAFA31BD7D
:102A3000FEB504000D001600082100226F46380084
:102A4000FFF702F800271E4804704570867069463B
:102A500002783B00DBB2CA547F1C42783B00DBB2F9
:102A6000CA547F1C80783A00D2B288547F1C3A0046
:102A7000D2B292B26946DFF8F003FFF799FAF7BDD8
:102A8000DFF8E4030078C0B2FF280ED0DFF8B4030B
:102A9000DFF8D81309780170DFF8D4130978417092
:102AA000DFF8D0130978817007E0DFF89803002180
:102AB00001701A2141700321817070471C060020AB
:102AC000180600202DE9F04F87B0040000275FF0C2
:102AD00000085FF000090025DFF89C23D2E900011F
:102AE000CDE902010026DFF89423D2E90001CDE907
:102AF0000401DFF854A35046FEF762FEA0880828C0
:102B0000C0F29B812068A188084410F8010C21685C
:102B1000A288114411F8021C51EA0021ADF81810E6
:102B2000A188891E206802F07DFAADF81A00BDF870
:102B30001A00BDF81810884240F07D8120680078A6
:102B4000C0494978884240F07681206880782168C1
:102B5000CF7857EA002720684078032805D0062858
:102B60006CD0102800F0C38061E1206800792168F2
:102B7000497951EA00210D005FF001084046C0B2DA
:102B8000112836DA5FF01409DFF8F4B24046C0B21B
:102B900009FB00F058444068390089B2884225D1C9
:102BA000280080B24146C9B209FB01F15944896845
:102BB00088421BDB002100204246D2B209FB02F210
:102BC0005A44D268904701280FD14046C0B209FB51
:102BD00000F0584480682D1A4046C0B209FB00F945
:102BE0000BEB09008068C71900E002E018F101084A
:102BF000C4E7BAF8040000281FD0BAF80400022184
:102C000090FBF1F201FB1200002816D1DAF8000067
:102C10000190BAF80400022190FBF1F080B200901C
:102C20003B009BB203222068017804A802F018FA46
:102C3000BDF814100498FFF7DDFEFAE0042001004F
:102C4000C9B2A288921E91420EDA21680200D2B265
:102C5000895C029ABDF80C30D154BDF80C10491CA7
:102C6000ADF80C10401CEAE75FF001084046C0B226
:102C7000112817DA1422824B4046C0B25043184440
:102C80004068390089B2884209D1002102A8C446AF
:102C90005FFA8CFC02FB0CF21A441269904718F19F
:102CA0000108E3E7BAF8040000281FD0BAF80400CE
:102CB000022190FBF1F201FB1200002816D1DAF894
:102CC00000000190BAF80400022190FBF1F080B2FC
:102CD00000903B009BB206222068017804A802F015
:102CE00010FABDF814100498FFF784FEA1E000204C
:102CF0000600206800792168497951EA00210D0019
:102D000007200100C9B2A288921E91420EDA216802
:102D10000200D2B2895C029ABDF80C30D154BDF8E1
:102D20000C10491CADF80C10401CEAE7280080B2DA
:102D300040002168897988424DD1BDF80C00216896
:102D4000897989B2884246D15FF001084046C0B215
:102D5000112840DA5FF01409DFF824B14046C0B210
:102D600009FB00F058444068390089B288422FD1ED
:102D7000280080B24146C9B209FB01F15944896873
:102D8000884225DB310089B202A84246D2B209FB53
:102D900002F25A4412699047012818D14046C0B245
:102DA00009FB00F058448068400010FA86F640465F
:102DB000C0B209FB00F0584480682D1A4046C0B2EA
:102DC00009FB00F90BEB09008068C71900E002E07D
:102DD00018F10108BAE7BAF80400002826D0BAF8BA
:102DE0000400022190FBF1F201FB120000281DD12A
:102DF000206880782168C97851EA00210F00DAF84C
:102E000000000190BAF80400022190FBF1F080B2BA
:102E100000903B009BB210222068017804A802F0C9
:102E200070F9BDF814100498FFF7E4FD01E00020EC
:102E300004E0012002E0002000E0002007B0BDE82F
:102E4000F08F0000180600201C0600205C250020E2
:102E5000000802080010020820260020602600203A
:102E600038260020FC1D0020000002080200020895
:102E70000300020804000208A8FA0008B0FA0008DB
:102E80009804002010B50400002C01D1012035E089
:102E9000A0690028FFD1E06F002805D1002084F848
:102EA0007800200002F0FEF92420E0672068006826
:102EB0004008400021680860606A002802D02000B5
:102EC00000F038FC200000F0B9FA012801D10120FF
:102ED00014E02068406830F4904021684860206821
:102EE000806830F02A00216888602068006850F00F
:102EF000010021680860200000F089FC10BD2DE968
:102F0000FC4706000D0017009846F06F202859D1A5
:102F1000002D03D0380080B2002801D1012052E0FA
:102F20000020C6F884002120F067FEF7FBFB8146F5
:102F3000A6F85070A6F85270B068B0F5805F05D161
:102F40003069002802D10024AA4602E02C005FF07C
:102F5000000AB6F85200002822D0CDF800804B4677
:102F600000228021300000F0BBFC002803D020208C
:102F7000F067032027E0002C08D1BAF80000C00554
:102F8000C00D316808851AF1020A03E02078316823
:102F90000885641CB6F85200401EA6F85200D8E717
:102FA000CDF800804B4600224021300000F098FC14
:102FB000002803D02020F067032004E02020F067E1
:102FC000002000E00220BDE8F68770B505000C0087
:102FD0001600D5F88000202824D1002C03D0300022
:102FE00080B2002801D101201DE000202866286859
:102FF000DFF8441488420ED02868406800020AD5E1
:10300000286850E8000F50F0806001002A6842E80C
:1030100000100028F4D1320092B22100280000F004
:10302000AEFC00E0022070BD70B50400E56FD4F87E
:10303000806020688068000624D5212D22D1206878
:10304000083050E8000F30F080000100206810F1D7
:10305000080242E800100028F1D1206F00280ED0AD
:10306000206F02F0BBFB002809D0206F02F088FC23
:10307000202804D11020C4F8840003202CE0200074
:1030800000F053FD20688068400624D5222E22D10E
:103090002068083050E8000F30F040000100206840
:1030A00010F1080242E800100028F1D1606F0028FA
:1030B0000ED0606F02F092FB002809D0606F02F022
:1030C0005FFC202804D11020C4F88400032003E012
:1030D000200000F038FD002070BD2DE9F04706000B
:1030E0003068C7693068D0F800803068D0F8089040
:1030F00040F60F043C40002C0BD1B80609D55FEA1E
:10310000886006D5B06E002802D03000B16E8847C6
:103110008FE1002C00F0AA805FEAC97005D4DFF8C7
:103120000C0618EA000F00F0A18017F00100C0B2F1
:1031300000280BD05FEAC85008D50120316808622A
:10314000D6F8840050F00100C6F88400B8070DD509
:1031500019F00100C0B2002808D0022031680862CE
:10316000D6F8840050F00400C6F8840078070DD526
:1031700019F00100C0B2002808D0042031680862AC
:10318000D6F8840050F00200C6F88400380710D545
:103190005FEA886004D419F00100C0B2002808D0AA
:1031A000082031680862D6F8840050F00800C6F89C
:1031B000840038050CD55FEA481009D54FF400604B
:1031C00031680862D6F8840050F02000C6F8840008
:1031D000D6F88400002848D0B80608D55FEA886091
:1031E00005D5B06E002802D03000B16E8847D6F801
:1031F0008400050030688068400602D415F0280F6E
:103200002DD0300000F09FFC30688068400622D549
:103210003068083050E8000F30F04000010030689E
:1032200010F1080242E800100028F1D1706F002868
:103230000DD0DFF8FC04716F8863706F02F0F8FA4C
:10324000002812D0706F716F896B88470DE03000D5
:1032500002F0ECFB09E0300002F0E8FB05E0300092
:1032600002F0E4FB0020C6F88400E2E0306E0128A2
:1032700040F0BD80F80640F1BA805FEAC86040F1D6
:10328000B6801020316808623068806840066DD5CD
:10329000706F0068D0F804A0504680B2002852D069
:1032A0005046B6F8581080B288424CD2A6F85AA0C0
:1032B000706F00680068800639D4306850E8000FED
:1032C00030F480700100326842E800100028F4D128
:1032D0003068083050E8000F4008400001003068B6
:1032E00010F1080242E800100028F1D130680830DF
:1032F00050E8000F30F040000100306810F1080283
:1033000042E800100028F1D12020C6F880000020FB
:103310003066306850E8000F30F01000010032686D
:1033200042E800100028F4D1706F02F057FA022032
:103330007066B6F85810B6F85A00091A89B230000B
:1033400002F055FB11E05046B6F8581080B28842A2
:103350000BD1706F00680068800606D50220706689
:10336000B6F85810300002F042FB62E0B6F85800A0
:10337000B6F85AA0B0EB0A0AB6F85A00002835D0C1
:10338000504680B2002831D0306850E8000F30F449
:1033900090700100326842E800100028F4D13068D3
:1033A000083050E8000F400840000100306810F17C
:1033B000080242E800100028F1D12020C6F8800061
:1033C000002030660020B066306850E8000F30F012
:1033D00010000100326842E800100028F4D10220F9
:1033E0007066514689B2300002F001FB21E0F8021C
:1033F0000AD55FEA492007D55FF48010316808627A
:10340000300002F0A5FB14E0380609D55FEA086039
:1034100006D5F06E002802D03000F16E884708E033
:10342000780606D55FEA486003D5300000F055FC09
:10343000FFE7BDE8F0870000008000402DE9F0477D
:1034400004000026DFF8A81920688842FFD0A2688F
:103450002069024360690243E0690243206803680F
:10346000DFF8900903401343206803602068436835
:1034700033F44053E068034320684360D4F8188075
:103480002068884202D0206A50EA080820688068D4
:1034900030F4306058EA0000226890602068DFF85D
:1034A000482A904216D1DFF8440A006810F0030061
:1034B000002805D0022805D006D3032806D007E04F
:1034C000012760E002275EE004275CE008275AE05D
:1034D000102758E02068DFF8182A904217D1DFF84B
:1034E0000C0A006810F00C00002806D0042808D050
:1034F000082804D00C2806D007E0002743E0022764
:1035000041E004273FE008273DE010273BE020682A
:10351000DFF8E029904217D1DFF8D009006810F0F9
:103520003000002806D0102808D0202804D03028E9
:1035300006D007E0002726E0022724E0042722E047
:10354000082720E010271EE0206888421AD1DFF803
:103550009C09006810F44060002809D0B0F5806F25
:103560000AD0B0F5006F05D0B0F5406F06D007E087
:10357000002708E0022706E0042704E0082702E00D
:10358000102700E010272068884246D13800C0B2DA
:10359000002806D0022808D0042809D008280BD01B
:1035A0000DE002F045FF81460DE0DFF84C990AE09E
:1035B00002F0D1FE814606E04FF4004903E05FF0DF
:1035C000000901200600B9F1000F00F0A580616834
:1035D00003204143894505D361684FF4805041433E
:1035E000494502D20120060096E04FF480726068DF
:1035F00040080021E2FB09016268002300F060FF3F
:103600000500B5F5407F05D3B5F5801F02D22068CF
:10361000C56081E0012006007EE0E069B0F5004F62
:1036200041D13800C0B2002808D001280AD00228B1
:103630000CD004280DD008280FD011E002F0F8FEBD
:10364000814611E002F001FF81460DE0DFF8A89805
:103650000AE002F080FE814606E04FF4004903E0F4
:103660005FF0000901200600B9F1000F54D0606836
:10367000400810EB49006168B0FBF1F00500102D27
:103680000ED3B5F5803F0BD24FF6F0712940C5F34C
:10369000420001438A46504680B22168C8603BE040
:1036A0000120060038E03800C0B2002808D0012808
:1036B0000AD002280CD004280DD008280FD011E021
:1036C00002F0B6FE814611E002F0BFFE81460DE039
:1036D000DFF824980AE002F03EFE814606E04FF44F
:1036E000004903E05FF0000901200600B9F1000F76
:1036F00012D0606819EB50006168B0FBF1F0050072
:10370000102D07D3B5F5803F04D2280080B2216880
:10371000C86001E0012006000020A0660020E066ED
:103720003000C0B2BDE8F0870000000020010004B6
:10373000C13C000890F82410090707D501684A68C1
:1037400032F40042416B0A4301684A6090F8241049
:10375000C90707D501684A6832F40032816A0A4312
:1037600001684A6090F82410890707D501684A6803
:1037700032F48032C16A0A4301684A6090F824102A
:10378000490707D501684A6832F48022016B0A4371
:1037900001684A6090F82410C90607D501688A6854
:1037A00032F48052816B0A4301688A6090F82410D9
:1037B000890607D501688A6832F40052C16B0A4352
:1037C00001688A6090F82410490613D501684A6898
:1037D00032F48012016C0A4301684A60016CB1F551
:1037E000801F07D101684A6832F4C002416C0A4365
:1037F00001684A6090F82410090607D501684A68F4
:1038000032F40022816C0A4301684A60704738B57F
:1038100004000020C4F88400FDF784FF0500206840
:10382000006800071DD57FF07E4000902B0000222D
:103830005FF40011200000F053F8002811D0206838
:1038400050E8000F30F080000100226842E80010CC
:103850000028F4D12020E067002084F878000320BD
:103860003DE02068006840072CD57FF07E40009046
:103870002B0000225FF48001200000F031F80028C6
:1038800020D0206850E8000F30F4907001002268CA
:1038900042E800100028F4D12068083050E8000FFA
:1038A000400840000100206810F1080242E80010C2
:1038B0000028F1D12020C4F88000002084F878008E
:1038C00003200CE02020E0672020C4F880000020C6
:1038D000206600206066002084F87800002032BD59
:1038E0002DE9F04105000E0090461F00069C286857
:1038F000C0693040B04201D1012000E000204146C3
:10390000C9B2884238D114F1010FF0D0FDF70AFF97
:10391000C01B844201D3002C01D103202DE0286874
:1039200000684007E3D5802EE1D0402EDFD0286824
:10393000C06900070DD5082029680862280000F03A
:1039400002F90820C5F88400002085F878000120DD
:1039500013E02868C0690005C9D54FF400602968E4
:103960000862280000F0EFF82020C5F8840000204D
:1039700085F87800032000E00020BDE8F08130B435
:1039800003005965A3F85820A3F85A200020986630
:103990009868B0F5805F0BD11869002804D140F217
:1039A000FF10A3F85C0023E0FF20A3F85C001FE0F9
:1039B000986800280AD11869002803D1FF20A3F8CD
:1039C0005C0015E07F20A3F85C0011E09868B0F17E
:1039D000805F0AD11869002803D17F20A3F85C001A
:1039E00006E03F20A3F85C0002E00020A3F85C00A2
:1039F0000020C3F884002220C3F880001868083033
:103A000050E8000F50F001000400186810F108059C
:103A100045E800400028F1D19868B0F5805F06D1F4
:103A20001869002803D10FF2D130986602E00FF236
:103A3000D5209866186900280BD0186850E8000F48
:103A400050F4907004001D6845E800400028F4D14F
:103A50000AE0186850E8000F50F0200004001D68CC
:103A600045E800400028F4D1002030BC704770B514
:103A700004000D0016006565A4F858600020C4F825
:103A800084002220C4F88000606F002821D00FF24B
:103A90001510616FC8620FF2B110616F08630FF209
:103AA000D110616F48630020616F886333009BB25F
:103AB000626D206810F12401606F01F043FE002860
:103AC00007D01020C4F884002020C4F88000012012
:103AD0002AE0206900280AD0206850E8000F50F43E
:103AE00080700100226842E800100028F4D12068AC
:103AF000083050E8000F50F001000100206810F17C
:103B0000080242E800100028F1D12068083050E88F
:103B1000000F50F040000100206810F1080242E858
:103B200000100028F1D1002070BD016851E8001F8D
:103B300031F0C0010A00036843E800210029F4D1F4
:103B40002021C1677047016851E8001F31F490716E
:103B50000A00036843E800210029F4D10168083114
:103B600051E8001F490849000A00016811F10803E3
:103B700043E800210029F1D1016E01290AD1016831
:103B800051E8001F31F010010A00036843E80021EA
:103B90000029F4D12021C0F8801000210166002105
:103BA0008166704738B50400A56A20680068800601
:103BB0003AD40020A5F85A00286850E8000F30F4E5
:103BC000807001002A6842E800100028F4D12868BB
:103BD000083050E8000F400840000100286810F14C
:103BE000080242E800100028F1D12868083050E8A7
:103BF000000F30F040000100286810F1080242E890
:103C000000100028F1D12020C5F88000286E01287E
:103C10000AD1286850E8000F30F0100001002A682F
:103C200042E800100028F4D100206866286E0128C0
:103C300005D1B5F85810280001F0D9FE02E028009F
:103C400001F0BAFE31BD000038B50400A56A0120BC
:103C50006866286E012807D1B5F85810490889B25E
:103C6000280001F0C4FE02E0280002F071FC31BD22
:103C7000F8B50400A56AEE6FD5F8807028688068F2
:103C8000000607D5212E05D10020A5F852002800F6
:103C9000FFF74BFF28688068400607D5222F05D123
:103CA0000020A5F85A002800FFF74DFFD5F8840042
:103CB00050F01000C5F88400280001F0B7FEF1BDF7
:103CC00038B50400A56A0020A5F85A000020A5F820
:103CD0005200280001F0AAFE31BD10B50400206892
:103CE00050E8000F30F040000100226842E8001068
:103CF0000028F4D12020E0670020E066200002F0D8
:103D000028FC10BD70B50500B5F85C60D5F88000E2
:103D1000222866D12868808C040016EA0400696DA8
:103D20000870686D401C6865B5F85A00401EA5F81B
:103D30005A00B5F85A00002859D1286850E8000FF9
:103D400030F4907001002A6842E800100028F4D195
:103D50002868083050E8000F40084000010028683B
:103D600010F1080242E800100028F1D12020C5F827
:103D700080000020A8660020686628681C498842E8
:103D80000ED02868406800020AD5286850E8000F65
:103D900030F0806001002A6842E800100028F4D169
:103DA000286E012819D100202866286850E8000FE5
:103DB00030F0100001002A6842E800100028F4D119
:103DC0002868C069C00602D5102029680862B5F8C5
:103DD0005810280001F00BFE09E0280001F0ECFD6E
:103DE00005E02868008B50F008002968088370BD42
:103DF00000800040F369FFEFF8B50500B5F85C708E
:103E0000D5F88000222867D12868808C0400686D6E
:103E1000060017EA04003080686D801C6865B5F8FC
:103E20005A00401EA5F85A00B5F85A00002859D18A
:103E3000286850E8000F30F4907001002A6842E8CA
:103E400000100028F4D12868083050E8000F40081E
:103E500040000100286810F1080242E80010002824
:103E6000F1D12020C5F880000020A86600206866F7
:103E70002868224988420ED02868406800020AD586
:103E8000286850E8000F30F0806001002A6842E89E
:103E900000100028F4D1286E012819D100202866CE
:103EA000286850E8000F30F0100001002A6842E84E
:103EB00000100028F4D12868C069C00602D510207F
:103EC00029680862B5F85810280001F090FD09E053
:103ED000280001F071FD05E02868008B50F0080013
:103EE00029680883F1BD00000038014088100240B5
:103EF00000440040004800400024F40000800040DE
:103F000062B38B0708D0521E11F8013B00F8013B49
:103F100000F024808B07F6D1830740F0208000BF9B
:103F2000103A07D330B4B1E83810103AA0E838108E
:103F3000F9D230BC530724BFB1E80810A0E808103C
:103F400044BF51F8043B40F8043BD20724BF31F88A
:103F5000022B20F8022B44BF0B7803707047121F0E
:103F600017D35B0009D151F8043B20F8023B1B0C2E
:103F7000121F20F8023BF6D20BE051F8043B00F888
:103F8000013B1B0A20F8023B1B0C121F00F8013BEF
:103F9000F3D238BF121D521E24BF11F8013B00F8A6
:103FA000013BF8D87047000080B501221749184836
:103FB000FFF70BF800220121262002F05AFB2620F1
:103FC00002F06CFB01BD704738B504000D480F4985
:103FD0000A78036885885A558288521C82808288B4
:103FE00040F2FF139A4201D3002282800122084846
:103FF000FEF7EBFF01200449087001210548FDF799
:10400000B4FC31BD6C0B00209526002094260020C6
:10401000841E00206406002018B589B024220021E7
:10402000684602F061FB264C264820602000FDF720
:1040300047FA002801D002F0C6FB002000900020C3
:1040400001900020029000200390002004900022A4
:1040500069462000FDF799FA002801D002F0B3FB71
:104060000AB010BD10B586B004001422002101A8CA
:1040700002F03AFB2068134988421ED112480168B9
:1040800051F000510160006810F00050009000985D
:104090000E48016851F001010160006810F0010054
:1040A00000900098102001900320029000200390BF
:1040B00001A95FF0904000F0F5FD06B010BD0000D2
:1040C000E025002000740040581002404C100240CF
:1040D00070B50400FDF726FB0500260016F1010F60
:1040E00002D0044800783618FDF71CFB401BB04294
:1040F000FAD370BDBD0B002000F10103810704D08D
:1041000010F8011B820781B1FAD10268A2F10131D6
:10411000914311F0803104BF50F8042FF6E709BA3B
:10412000B1FA81F100EBD100401CC01A70470000C9
:10413000C11768B14840401AB0FA80F29040D21CD2
:10414000C907C2F5846241EA025202EBD021400560
:104150007047000041EC100B01BD80B553EC112BF2
:1041600051EC100B02F032FBF4E70000F0B540F226
:10417000FF7581EA030C0CF0004C15EA11541DBFC9
:1041800015EA1357AC42AF42E5E0BC41C1F313015D
:10419000C3F31303801A994143F4801304D2641EBD
:1041A0004000494180185941C90241EA5051B1FBD0
:1041B000F3F603FB1611A2FB0675D7EBC020A9414D
:1041C00002D2761E80185941C90241EA5051B1FB12
:1041D000F3FE03FB1E11A2FB0E75D7EBC020A94115
:1041E00003D2AEF1010E80185941890241EA905183
:1041F000760546EA8E2EB1FBF3F603FB1611A2FB01
:104200000675D7EB8020A94102D2761E801859414D
:10421000C90241EA50514EEA060EB1FBF3F603FB28
:104220001611A2FB0675D7EBC020A94102D2761E5B
:1042300080185941C90241EA5051B1FBF3F703FB21
:104240001711A2FB0735D3EBC020A94167F1000786
:104250000CBF004247F0010766F3D5274FEA1E3135
:10426000B80814F5806412DDBD0775F1004250EB0B
:104270000E5051EB045111F5801F5CBF41EA0C0157
:10428000F0BD4CF07F6141F0E0410020F0BDBD0782
:104290006D0840EA0E5041F48011D4F10104B4F1EC
:1042A00020060ADAC4F120060200E04001FA06F313
:1042B000E1401843B24015430EE0342C13DCC6F144
:1042C000200445EA40056D0820FA06F2154321FA5C
:1042D00006F0A1400D43002175F1004250F10000AD
:1042E00051EB0C01F0BD00205FEA0C01F0BDCFB92D
:1042F00092185B41B3FA83F704BFB2FA82F6BF1992
:104300000B3FB7F120062FBF02FA06F3BB40C7F1FF
:10431000200622FA06F638BF3343BA401CB1E4192E
:10432000641E33E77F4231F00041B1FA81F404BFEB
:10433000B0FA80F6A4190B3CB4F120062FBF00FAA6
:1043400006F1A140C4F1200620FA06F638BF314339
:10435000A0403C1B1AE7AC421ABF05EA1357AF4214
:1043600012E050EA41061CBF52EA4306BFE750EA9A
:104370004107304661461CBF41EA0551F0BD52EA93
:10438000430C08BFC143F0BD00204FF4001616EBEC
:10439000410F98BF16EB430F08BF16EB410F24BF28
:1043A000C14305E016EB430F0CBF61464CEA0551D3
:1043B000F0BD000001F000428B1AA3F16051B1F58D
:1043C000801F0ADBB1F17F6F1FD242EAC102C10038
:1043D00071F1004142EB507070470B15C3F10903B6
:1043E000212B10D2890241EA9051800201284941D3
:1043F00041F0004121FA03F0C3F12003994071F12B
:10440000004150417047100070476FF0000013EBFF
:10441000103F5CBF000E42EAC0507047014648B1F1
:10442000B0FA80F18840C91CC1F58461090501EB2F
:10443000D021400570470000C0F3C75181B1FF296A
:1044400006D0C110400721F0E04101F160517047F2
:1044500041020CBF40F4E0016FF0004100207047C2
:1044600000F0004100020AD0B0FA80FC00FA0CF023
:1044700001F16051A1EB0C5101EBD02140057047D7
:104480000CB430B583B00A4606A902910446002553
:104490000194009502AB01A9084878441E3002F04F
:1044A0000BFD019A157000284EBF04460198041BAD
:1044B000204603B030BC5DF80CFB00BFF3D5FFFF16
:1044C000BBBBE1B1B2F5803F80F07E80022A1ED9ED
:1044D0008C46B1FBF2F102FB11C31B0443EA10430B
:1044E000B3FBF2FC02FB1C3380B240EA0343B3FB94
:1044F000F2F002FB103240EA0C4000237047022A1F
:1045000005D98446B0FBF2F002FB10C270474AB1F5
:1045100005D100F0010249085FEA3000704700222F
:104520000023704703F0ACBC0B0002000021002008
:104530007047904271EB030CF6D3B3F5803F2FD256
:10454000F0B5B3FA83F7B1FA81F4A7F10F0E3D1B72
:104550005340CEF1200602FA0EF2F3415340B5F17A
:104560000F0746D80F3C2C444140C4F12006A04020
:10457000F1414140B1FBF3F603FB1611A2FB0645E6
:10458000001BA94102D2761E8018594180EA01021F
:1045900021FA0EF362FA0EF200215A403046F0BDC5
:1045A00030B4B1FBF3FC03FB1C11A2FB0C45001B58
:1045B000A94103D2ACF1010C8018594130BC02462C
:1045C0000B46604600217047B2F1807F65D3F0B59D
:1045D000B2FA82F7B1FA81F4C7F10F063D1B22FA55
:1045E00006F307F1110EF24120355A40B5F10F07DD
:1045F000B8D94140C4F12006A040F1414140B1FB8F
:10460000F3FC03FB1C11A2FB0C45001BA94103D2C8
:10461000BCF1010C801859410F2F12D30F3FC90371
:1046200041EA5041B1FBF3F603FB1611A2FB06452C
:10463000D4EBC030A94102D2761E8018594146EA17
:10464000CC3C07B34140C7F12006B840F14141409E
:10465000B1FBF3F603FB1611A2FB0645001BA941B3
:1046600002D2761E8018594180EA010221FA0EF327
:10467000C7F1200462FA0EF20CFA07F05A402CFA45
:1046800004F13043F0BD80EA010221FA0EF300216B
:1046900062FA0EF260465A40F0BD8C46B1FBF2F170
:1046A00002FB11C31B0243EA1063B3FBF2FC02FBE3
:1046B0001C331B024CEA002043EA1063B3FBF2FCFC
:1046C00002FB1C331B024CEA002043EA1063B3FBDD
:1046D000F2FC02FB1C331B024CEA002043EA10638D
:1046E000B3FBF2FC02FB1C324CEA002000237047B3
:1046F000B0B581EA030C0CF0004C40F2FF7515EAEE
:1047000011541DBF15EA1357AC42AF4239E0E4190A
:1047100023EA455343F48013C90241F0004141EAC2
:10472000505EC7021100A7FB020200284FF00000F4
:10473000EEFB01204FF00001E3FB072118BF42F020
:104740000102401800214941E3FB0E01A4F58064F9
:104750000F0302D252004041494154F101046CDD83
:10476000470872F1004250F1000051EB0451A1F5ED
:1047700080115CBF41EA0C01B0BD4CEA055100203C
:10478000B0BD05EA1357AC4214BFAF4241E050EA56
:10479000410E1CBF52EA430E02E061460020B0BD4C
:1047A00024423C441BD15FEA070EF6D0090302BF46
:1047B00001460020AEF1140EB1FA81F7AEEB07040A
:1047C00001FA07FE0C37C7F1200100FA07F7C840CD
:1047D0004EEA000E23EA455343F48013A2E733F078
:1047E0000043B3FA83F704BFB2FA82FE77440B3F6B
:1047F000E41BB7F1200E2FBF02FA0EF3BB40C7F146
:10480000200E22FA0EFE38BF43EA0E03BA40641CA3
:1048100082E750EA410E14BF52EA430E6FF00001E6
:104820004FF4001717EB430F8ABF194617EB410FE0
:10483000B5E74CEA05510020B0BDD4F10104B4F154
:1048400020070FDAC4F12007520828BF42F0010206
:1048500010FA07F501FA07F7E1BF2A43E0403843B1
:10486000E1400FE0352C98DCC7F1200452EA400209
:1048700020FA07F218BF42F0010231FA07F0A14016
:104880000A43002172F1004250F1000051EB0C018B
:10489000B0BD000070B44FF0004591EA030F43F142
:1048A000F9826B40841A71EB030604D26E40001B40
:1048B000B141121973414FF4001C1CEB410F34BF7E
:1048C0007CEB430683E00C0DA4EB1356362E00F36D
:1048D0007C80012E45EAC32341DC43EA525312BFD8
:1048E000D20292025B08240545EAC12141EA5051F7
:1048F000D2EBC020994125D407D1B0FA80F610FA46
:1049000006F162D00020203608E0B1FA81F6B1400D
:10491000C6F1200220FA02F21143B0404FEAF474CB
:10492000B4EB465434F001064FEA74040AD8D6F5C5
:104930000016760D04F00044F04061FA06F2504093
:10494000F1404840C00A40EA415021F0004128BFF0
:104950005FEA500550F1000044EBD12135E0DB0A5D
:1049600045EAC121C90AB6F120050EDD42EA02423C
:10497000120CC5F1200603FA06F6EB4042EA0605E2
:104980006D42984161F100010DE062FA06F5F240D6
:10499000554063FA06FC82EA0C02F3405A406D422D
:1049A000904161EB030111F4801F05D1641E620583
:1049B00002D06D004041494121F48011430875F156
:1049C000004350F1000041EB045170BC70471CEBF8
:1049D000410F15D223F0004352EA43060BD04FEAB1
:1049E0004C0CBCEB410F04D80C0D661E342EB7DD09
:1049F000EBE7801A994150EA410608BF0021E4E73D
:104A000008BF1CEB430F28BF6FF00001DDE700007B
:104A1000C1F30A5340F2FE329B1A14DDD3F1200396
:104A20004FEAE17208DDC90241EA505141F000400D
:104A3000D84080185040704703F2E13010B1D243A3
:104A400082F0004070470020704700002DE9F84FC9
:104A500082468B4614001D000026DFF884713878EA
:104A6000012801D1022047E0012038704CF2503873
:104A7000404600F05BF881464846C0B2002837D176
:104A800000207860DFF85C010168490506D50168FF
:104A900031F4806101600220387701E0002038772E
:104AA000BAF1000F07D122002B00584600F071F830
:104AB000012006000FE0BAF1010F02D0BAF1020F97
:104AC00009D12100584600F071F8BAF1020F02D165
:104AD0005FF480200600404600F028F88146002E52
:104AE00004D0DFF804010168B143016000F09FF8D1
:104AF000002038704846C0B2BDE8F28F00203A4925
:104B00000A68002A09D53C4A3C4B13603C4B1360B1
:104B10000968002901D501210800C0B27047324858
:104B2000016851F0004101600020704770B5040039
:104B3000FCF7F8FD05002D4A1068C00309D514F1F3
:104B4000010FF8D0FCF7EEFD401BA042F3D3032089
:104B50001EE0116826480140002913D02048436810
:104B60000B43436011F0404F05D0224B1E6811F0FB
:104B7000404006431E60880002D021F04040106093
:104B8000012005E01068C00701D501201060002059
:104B900070BD10B414490C6854F001040C6002603C
:104BA000BFF36F8F011D0B6010BC704770B44023C2
:104BB00004000D000C4A166856F480261660EFF3C8
:104BC000108272B62E682660241D2D1D5B1E1E00ED
:104BD000F6B2002EF6D182F3108870BC7047000048
:104BE000F403002000200240142002401020024064
:104BF000FAC3020018200240082002402301674542
:104C0000AB89EFCD10B4DFF89820136833F47E73CE
:104C1000C40014F4FF6423431360136853F00203C9
:104C20001360136853F48033136010BC7047DFF8CF
:104C30006800017F0A00D2B2012A03D00A00D2B272
:104C4000032A11D1DFF85420136833F40073136082
:104C5000136853F400631360136833F40063136044
:104C6000136853F4007313600A00D2B2022A03D00F
:104C70000A00D2B2032A0CD1084A136853F48053B5
:104C80001360136833F480531360136853F4806324
:104C90001360002202777047F403002000200240D6
:104CA00014200240F8B4030000250868E8400028FA
:104CB00000F0D78001260F6816FA05F007403A0089
:104CC000002A00F0CC80087910F00300012804D0FD
:104CD000087910F0030002281DD19F685FF0030CD3
:104CE0002800C0B240001CFA00FC37EA0C07D1F8DB
:104CF0000CC02800C0B240001CFA00FC5CEA0707A8
:104D00009F605868AE40B0434E68C6F30016AE4090
:104D1000304304005C60087910F0030003280ED0D3
:104D2000DE6803272800C0B240008740BE438F687A
:104D30002800C0B2400087403E433400DC60087960
:104D400010F00300022818D12800C00803EB8000EF
:104D5000066A0F2715F00700C0B280008740BE43E7
:104D60000F6915F00700C0B2800087403E43340051
:104D70002800C00803EB800004621E680327280097
:104D8000C0B240008740BE430F7917F003072800E8
:104D9000C0B2400087403E4334001C60486810F4B5
:104DA000403F5CD09548066856F0010606600068F2
:104DB00010F0010000900098914F2800800857F8EB
:104DC00020605FF00F0C15F00300C0B280001CFAE9
:104DD00000FC36EA0C06B3F1904F01D1002414E038
:104DE0008848834201D101240FE08748834201D1E2
:104DF00002240AE08548834201D1032405E0844867
:104E0000834201D1042400E0072415F00300C0B25E
:104E10008000844026432800800847F820607D4CAD
:104E2000206890434F68FF0200D5104320607A4EFF
:104E3000346894434F68BF0200D514433460774E02
:104E4000306890434F68BF0300D510433060744E04
:104E5000346894434F68FF0300D5144334606D1CDD
:104E600023E7F1BC70472DE9F0410300002508005D
:104E7000E840002800F0A880012616FA05F0084056
:104E80000200002A00F09E80DFF874C1280080082C
:104E90005CF820000F2715F0030E5FFA8EFE5FEA24
:104EA0008E0E17FA0EFE1EEA00000400B3F1904FBA
:104EB00002D15FF0000E19E05248834202D15FF048
:104EC000010E13E05048834202D15FF0020E0DE064
:104ED0004E48834202D15FF0030E07E04C48834204
:104EE00002D15FF0040E01E05FF0070E15F0030041
:104EF000C0B280001EFA00FE74452CD14848D0F89C
:104F000000E03EEA020EC0F800E04448D0F800E0BD
:104F10003EEA020EC0F800E03F48D0F800E03EEA6A
:104F2000020EC0F800E03B48D0F800E03EEA020E76
:104F3000C0F800E015F00300C0B2800017FA00F0DE
:104F40000400280080085CF82000A043AE465FEA19
:104F50009E0E4CF82E005FF0030C1868AE465FFA08
:104F60008EFE5FEA4E0E1CFA0EFE5EEA000018602E
:104F70002800C00803EB800E2800C00803EB800067
:104F8000D0F8208015F00700C0B28000874038EAD2
:104F90000707CEF8207098682F00FFB27F001CFA38
:104FA00007F7B84398605868AE4030EA06065E607E
:104FB000DE682800C0B240001CFA00FC36EA0C0C87
:104FC000C3F80CC06D1C52E7BDE8F0810200106907
:104FD0000B009BB2184201D0012000E00020C0B2BB
:104FE00070471300DBB2002B03D00B009BB2836130
:104FF00002E00B009BB28362704700006010024029
:10500000080001400004004800080048000C004867
:1050100000100048080401400C0401400404014051
:105020000004014030B403004FF6FF7000248C42AE
:1050300013DA1A5D50400822002A0CD0C50706D5A5
:1050400080B2400880F4204090F0010001E080B27E
:105050004008521EF0E7641CE9E780B230BC70479C
:105060002DE9F84F05000E00170098460A9CDDF860
:105070002C905FF0000B002029685A4692B28E54A3
:105080001BF1010B29685A4692B28F541BF1010B98
:105090002100C9B249002A685B469BB2D1541BF17A
:1050A000010B5FF0000A504680B2210089B2B0EBDC
:1050B000410F0CDA504680B219F8000029685A46B0
:1050C00092B288541BF1010B1AF1010AEBE7594621
:1050D00089B22868FFF7A6FF010028685A4692B2F5
:1050E00081541BF1010B080080B2000A2A685B465C
:1050F0009BB2D0541BF1010BA5F804B00120BDE810
:10510000F28F2DE9F84F05000E00170098460A9C13
:10511000DDF82C905FF0000B5FF0000A286859461C
:1051200089B246541BF1010B2868594689B247548D
:105130001BF1010B404680B2000A29685A4692B220
:1051400088541BF1010B2868594689B200F8018088
:105150001BF1010B3800C0B2062802D010281DD068
:105160002CE0200080B2012801D000203EE0002089
:105170008246504680B2210089B2B0EB410F0CDA72
:10518000504680B219F8000029685A4692B28854F5
:105190001BF1010B1AF1010AEBE70FE0200080B2CE
:1051A000000A29685A4692B288541BF1010B2868FC
:1051B000594689B244541BF1010BFFE7594689B2A5
:1051C0002868FFF72FFF010028685A4692B28154E1
:1051D0001BF1010B080080B2000A2A685B469BB2F3
:1051E000D0541BF1010BA5F804B00120BDE8F28FEB
:1051F00080B5D748D74901604FF41651416000216E
:1052000081600021C160002101610C214161002108
:1052100081610021C1610021016200214162FDF72D
:1052200031FE002801D001F0CEFA01BD80B5CA4898
:10523000CA4901604FF4165141600021816000218C
:10524000C160002101610C214161002181610021C7
:10525000C1610021016200214162FDF713FE0028B7
:1052600001D001F0B0FA01BD80B5BD48BD49016073
:105270005FF4E1314160002181600021C1600021C3
:1052800001610C214161002181610021C161002186
:10529000016200214162FDF7F5FD002801D001F017
:1052A00092FA01BD38B59EB0040014220021684670
:1052B00001F01AFA6022002106A801F015FA206810
:1052C000A449884253D10120069000200E9006A8E0
:1052D00002F04AFE002801D001F075FAA2480168E8
:1052E00051F480410160006810F4804005900598F9
:1052F0009E48016851F001010160006810F0010052
:10530000059005984FF4C0600090022001900020A5
:105310000290032003900720049069465FF09040BC
:10532000FFF7C0FC924D934828600220686000207F
:10533000A8600020E86080202861002068610020CB
:10534000A8610020E86100202862280000F020F910
:10535000002801D001F037FA6567AC620022002115
:10536000252001F086F9252001F098F9ACE02068AD
:105370007A49884252D10220069000200F9006A858
:1053800002F0F2FD002801D001F01DFA7A48016810
:1053900051F400310160006810F400300590059868
:1053A0007248016851F001010160006810F00100CD
:1053B000059005980C20009002200190002002909A
:1053C000032003900720049069465FF09040FFF7A8
:1053D00069FC6A4D6A482860022068600020A86065
:1053E0000020E86080202861002068610020A8611A
:1053F0000020E86100202862280000F0C9F8002899
:1054000001D001F0E0F96567AC620022002126209E
:1054100001F02FF9262001F041F955E020685149AB
:10542000884251D1042006900020109006A802F076
:105430009BFD002801D001F0C6F94F48016851F4E6
:1054400080210160006810F480200590059847488D
:10545000016851F004010160006810F0040005903B
:1054600005984FF4406000900220019000200290C7
:10547000032003900720049069464248FFF712FC7E
:10548000414D42482860022068600020A86000204A
:10549000E86080202861002068610020A861002069
:1054A000E86100202862280000F072F8002801D08E
:1054B00001F089F96567AC6200220021272001F024
:1054C000D8F8272001F0EAF81FB030BD10B504006D
:1054D00020682049884211D12348016831F4804175
:1054E00001604FF4C0615FF09040FFF7BCFC606F5B
:1054F00000F0BEF8252001F0D8F828E02068174910
:10550000884210D11C48016831F4003101600C213F
:105510005FF09040FFF7A7FC606F00F0A9F826202D
:1055200001F0C3F813E020680E4988420FD11248F9
:10553000016831F4802101604FF440611148FFF7A8
:1055400092FC606F00F094F8272001F0AEF810BDD7
:10555000FC1D002000380140841E00200044004053
:105560000C1F002000480040601002404C10024018
:105570008C2300208004024058100240D4230020D5
:105580006C000240000800481C240020300002404B
:1055900030B40100002901D1012067E00868624AA7
:1055A00090420AD20A68614882181420B2FBF0F0D7
:1055B000800048645E48086409E00A685D48821813
:1055C0001420B2FBF0F0800048645B4808640220BD
:1055D00081F82500086802686FF30E128B68C868AE
:1055E0000343086903434869034388690343C8695F
:1055F0000343086A03431A43086802608868B0F5E9
:10560000804F2AD0086C4A4B984213D14B4803680C
:105610000F2491F8445015F01C05AC40A3430360DF
:1056200003684C6891F8445015F01C05AC402343C6
:10563000036012E0424803680F2491F8445015F0CB
:105640001C05AC40A343036003684C6891F84450C8
:1056500015F01C05AC40234303600020C863012003
:1056600081F82500002081F82400002030BC70471C
:1056700010B40100002901D1012053E0086800683E
:10568000400840000A6810600868274A90420AD221
:105690000A68264882181420B2FBF0F080004864A3
:1056A0002348086409E00A68224882181420B2FBE3
:1056B000F0F0800048642048086400200A68106008
:1056C000012091F8442012F01C0290400A6C5060B6
:1056D000086C174A90420AD1184802680F2391F8C3
:1056E000444014F01C04A3409A43026009E01448AB
:1056F00002680F2391F8444014F01C04A3409A431D
:1057000002600020C8620020086300204863002077
:1057100088630020C863002081F82500002081F8FC
:105720002400002010BC704708040240F8FFFDBFB1
:1057300000000240F8FBFDBF00040240A800024048
:10574000A80402402DE9F04104000D0016001F00DE
:105750005FF0000894F82400012801D102203BE00A
:10576000012084F8240094F8250001282DD102207E
:1057700084F825000020E0632068006840084000AD
:10578000216808603B0032002900200000F0FAF890
:10579000206B002806D02068006850F00E002168B9
:1057A00008600BE02068006830F0040021680860A1
:1057B0002068006850F00A002168086020680068CE
:1057C00050F001002168086004E0002084F8240003
:1057D000022080464046C0B2BDE8F08101000022B0
:1057E00091F82500022806D00420C863002081F823
:1057F000240001201BE00868006830F00E000B68F0
:10580000186008680068400840000B6818600120B4
:1058100091F8443013F01C0398400B6C5860012041
:1058200081F82500002081F824001000C0B27047E4
:1058300038B50400002594F82500022804D004207F
:10584000E063012005001FE02068006830F00E00D2
:1058500021680860206800684008400021680860EE
:10586000012094F8441011F01C018840216C48601C
:10587000012084F82500002084F82400A06B002873
:1058800002D02000A16B88472800C0B232BD70B59D
:105890000400206C056820680668042094F8441011
:1058A00011F01C0110FA01F10D4219D0710717D542
:1058B00021680968890605D42168096831F0040166
:1058C0002268116094F8441011F01C018840216C8A
:1058D0004860206B002852D02000216B88474EE0A2
:1058E000022094F8441011F01C0110FA01F10D424D
:1058F0001FD0B1071DD521680968890608D4216821
:10590000096831F00A0122681160012184F825102C
:1059100094F8441011F01C018840216C486000206C
:1059200084F82400E06A002829D02000E16A884732
:1059300025E0082094F8441011F01C01884005422D
:105940001DD030071BD52068006830F00E0021689C
:105950000860012094F8441011F01C018840216C6B
:1059600048600120E063012084F82500002084F8CD
:105970002400606B002802D02000616B884770BD56
:10598000C06B704730B4012490F8445015F01C05EA
:10599000AC40056C6C60046863608468102C04D1B2
:1059A0000468A2600468E16003E00468A160046820
:1059B000E26030BC7047000010B504002068414927
:1059C0000968884202D1012002F0B4FE20683E49F5
:1059D0000968884202D1012002F0C4FF20683B49D7
:1059E0000968884202D10120FEF7EEFA10BD38B5F1
:1059F00004000D00206833490968884203D128005B
:105A000080B202F097FE20682F490968884203D1CE
:105A1000280080B202F0A6FF20682C49096888425D
:105A200003D1280080B2FEF7CFFA31BD10B50400D3
:105A3000206824490968884202D10020244908705E
:105A4000206821490968884202D102202049087053
:105A500020681E490968884202D104201C49087048
:105A600002211C48FBF772FF10BD1CB5184C2078B2
:105A70000090194B00220021032002F09BFF2078A8
:105A800000280ED102F04FFE14480188491C018005
:105A90000188142903DB0021018002F027FE02F0B7
:105AA00029FE20782078022803D102F05AFF02F064
:105AB00049FF20782078042803D1FEF784FAFEF706
:105AC00073FA13BD0C1F0020FC1D0020841E002053
:105AD000992600201804002050F400088A2600208F
:105AE00070B505000C001600D5F8800020282DD1D7
:105AF000002C03D0300080B2002801D1012026E024
:105B00000120286600206866320092B22100280039
:105B1000FDF7ADFF01000800C0B2002813D1286EC8
:105B200001280ED110202A681062286850E8000F62
:105B300050F0100002002B6843E800200028F4D148
:105B400001E0012001000800C0B200E0022070BDA9
:105B5000704700002DE9FE4F0500002D01D1012006
:105B60003AE3DFF80499D9F8004014F00C04DFF8A8
:105B70001889D8F8007017F003072878C00640F19C
:105B8000C680002C03D00C2C7AD1012F78D1DFF8FD
:105B9000D4A8DAF80000800704D5A869002801D14C
:105BA000012019E3DAF80000000704D5DAF8000054
:105BB00010F0F00005E0DFF860090068000910F05F
:105BC000F000296A88421ED2286A00F05FFC002893
:105BD00001D0012000E3DAF8000050F00800CAF814
:105BE0000000DAF8001031F0F001286A0143CAF829
:105BF0000010DFF82809016831F47F41EA6951EAB1
:105C0000022101601FE0DAF8000050F00800CAF835
:105C10000000DAF8001031F0F001286A0143CAF8F8
:105C20000010DFF8F808016831F47F41EA6951EAB1
:105C300002210160002C06D1286A00F027FC002810
:105C400001D00120C8E200F086FBDFF8D418D9F8B3
:105C50000020C2F30312895C11F01F01C840DFF875
:105C60000C180860DFF80808006802F0C1FF8DF822
:105C700000009DF80000002849D09DF80000ABE22C
:105C8000A86900282DD0DFF8DC97D9F8000050F083
:105C90000100C9F80000FBF745FD0600D9F8000037
:105CA000800706D4FBF73EFD801B0328F6D30320B4
:105CB00092E2D9F8000050F00800C9F80000D9F8C5
:105CC000001031F0F001286A0143C9F80010DFF834
:105CD0004C08016831F47F41EA6951EA0221016010
:105CE00015E0DFF88097D9F8000040084000C9F8B7
:105CF0000000FBF717FD0600D9F80000800706D565
:105D0000FBF710FD801B0328F6D3032064E22878FC
:105D1000C00754D5082C03D00C2C0BD1032F09D16C
:105D2000DFF840070068800349D56868002846D13D
:105D3000012051E26868B0F5803F06D1DFF8240702
:105D4000016851F48031016018E06868B0F5A02F57
:105D50000AD1DFF81007016851F480210160016861
:105D600051F48031016009E0DFF8F806016831F490
:105D700080310160016831F4802101606868002889
:105D80000ED0FBF7CFFC0600DFF8D80600688003D2
:105D900015D4FBF7C7FC801B6528F5D303201BE255
:105DA000FBF7C0FC0600DFF8BC060068800306D5E0
:105DB000FBF7B8FC801B6528F5D303200CE228789C
:105DC000800752D5042C03D00C2C15D1022F13D1EF
:105DD000DFF890060068400504D5E868002801D186
:105DE0000120F9E1DFF83407016831F0F8512A6940
:105DF00051EA0261016038E0E86800281FD0DFF84E
:105E00006496D9F8000050F48070C9F80000FBF7E0
:105E100089FC0600D9F80000400506D4FBF782FC97
:105E2000801B0328F6D30320D6E1DFF8F0060168D3
:105E300031F0F8512A6951EA0261016015E0DFF89A
:105E40002496D9F8000030F48070C9F80000FBF700
:105E500069FC0600D9F80000400506D5FBF762FC96
:105E6000801B0328F6D30320B6E1287800072ED53F
:105E70006869002815D0DFF8A096D9F8000050F026
:105E80000100C9F80000FBF74DFC0600D9F800003E
:105E900080071CD4FBF746FC801B0328F6D30320A5
:105EA0009AE1DFF87496D9F8000040084000C9F87C
:105EB0000000FBF737FC0600D9F80000800706D584
:105EC000FBF730FC801B0328F6D3032084E12878FD
:105ED000400740F181805FF00009DFF848A6DAF85A
:105EE0000000C0000DD4DAF8000050F08050CAF86D
:105EF0000000DAF8000010F08050019001980120B5
:105F00008146DFF824B6DBF80000C00513D4DBF8C7
:105F1000000050F48070CBF80000FBF703FC060093
:105F2000DBF80000C00506D4FBF7FCFB801B032850
:105F3000F6D3032050E1A868012806D1DFF8EC056C
:105F4000016851F00101016017E0A86805280AD135
:105F5000DFF8D805016851F004010160016851F0D3
:105F60000101016009E0DFF8C40501684908490042
:105F70000160016831F004010160A868002810D0B8
:105F8000FBF7D0FB0600DFF8A4050068800719D4F2
:105F9000FBF7C8FB801B41F289318842F3D3032011
:105FA0001AE1FBF7BFFB0600DFF8800500688007F9
:105FB00008D5FBF7B7FB801B41F289318842F3D348
:105FC000032009E14846C0B2012805D1DAF80000F3
:105FD00030F08050CAF80000287880062ED5686A14
:105FE000002815D0DFF84895D9F8000050F00100DE
:105FF000C9F80000FBF796FB0600D9F800008007FF
:106000001CD4FBF78FFB801B0328F6D30320E3E0AF
:10601000DFF81C95D9F8000040084000C9F80000DE
:10602000FBF780FB0600D9F80000800706D5FBF7D8
:1060300079FB801B0328F6D30320CDE0A86A002853
:1060400000F0C980A86A022840F0A380D8F80000B8
:10605000070017F00300E96A884222D117F07000A8
:10606000296B491EB0EB011F1BD117F4FE40696B71
:10607000B0EB012F15D117F07840A96BB0EBC16FD1
:106080000FD117F4C000E96B4908491EB0EB415F1E
:1060900007D117F0C060296C4908491EB0EB416F69
:1060A00057D00C2C53D0DFF8BCA3DAF80000400125
:1060B00001D5012090E0DAF8000030F08070CAF8D5
:1060C0000000FBF72FFB8146DAF80000800107D5BE
:1060D000FBF728FBB0EB09000328F5D303207BE096
:1060E000D8F80010DFF84C040140E86A0143286B3F
:1060F000401E51EA0011686B51EA0021E86B40082C
:10610000401E51EA4051286C4008401E51EA40614F
:10611000A86B51EAC061C8F80010DAF8000050F02E
:106120008070CAF80000D8F8000050F08070C8F8FD
:106130000000FBF7F7FA0600DAF8000080014AD405
:10614000FBF7F0FA801B0328F6D3032044E001207C
:1061500042E0DFF81093D9F8000080013BD4D9F871
:10616000000050F08070C9F80000D8F8000050F02E
:106170008070C8F80000FBF7D5FA0600D9F80000D7
:10618000800128D4FBF7CEFA801B0328F6D3032026
:1061900022E00C2C1DD0DFF8CC92D9F8000030F0B2
:1061A0008070C9F80000FBF7BDFA0600D9F80000BE
:1061B000800106D5FBF7B6FA801B0328F6D303202F
:1061C0000AE0D8F80010DFF870030140C8F80010AA
:1061D00001E0012000E00020BDE8FE8F2DE9F04144
:1061E00004000D00002C01D10120B2E0DFF84C7357
:1061F000386810F00700A8420BD23868C008C00009
:1062000028433860386810F00700A84201D0012008
:106210009FE0207880070DD5DFF84C12086810F059
:10622000F000A268904205D20A6832F0F002A0683D
:1062300002430A602078C00742D56068032806D16F
:10624000DFF82002006880011CD4012081E0606832
:10625000022806D1DFF80C020068800312D4012066
:1062600077E06068002806D1DFF8F8010068800751
:1062700008D401206DE0DFF8EC010068400501D48E
:10628000012066E0DFF8E081D8F800108908890075
:1062900060680143C8F80010FBF744FA0600D8F81C
:1062A000000010F00C006168B0EB810F08D0FBF724
:1062B00039FA801B41F289318842F0D3032048E04B
:1062C000207880070CD56849A0680A6812F0F002AF
:1062D000904205D20A6832F0F002A06802430A60D8
:1062E000386810F0070085420BD23868C008C0003B
:1062F00028433860386810F00700A84201D0012018
:1063000027E02078400706D557490A6832F4E06252
:10631000E06802430A602078000707D55248016808
:1063200031F46051226951EAC201016000F013F8B2
:10633000DFF8EC114C4A1268C2F30312895C11F0C9
:106340001F01C840494908604948006802F050FCF4
:10635000C0B2BDE8F0812DE9F0410026002042499D
:10636000096811F00C01DFF820C1DCF8007017F0AB
:106370000307002903D00C291AD1012F18D1DFF807
:10638000E4E0DEF800805FEA087806D4DFF888E110
:10639000DEF800E0CEF3032E03E0DEF800E0CEF3FB
:1063A000031E674E56F82E6000290CD130000AE01B
:1063B000042903D1DFF88CE1704604E0082902D1FA
:1063C000DFF884E170460C292DD1DCF800E01EF0E6
:1063D000030E73469E46BEF1020F03D0BEF1030FBB
:1063E00003D005E0DFF85CE103E0DFF85CE100E00A
:1063F000B646DCF80020C2F30212521C1500DCF88D
:106400000020C2F3062202FB0EFEBEFBF5F2DCF812
:1064100000C0CCF3416C1CF1010C5FEA4C0C6446EB
:10642000B2FBF4FC6046BDE8F0811048006870479C
:1064300080B5FFF7FAFF45490B4A1268C2F3022202
:10644000895C11F01F01C84002BD80B5FFF7EDFF68
:106450003E49054A1268C2F3C222895C11F01F014D
:10646000C84002BD00100240081002401404002081
:10647000F00300202849086810F07E400A6852F4B2
:1064800000020A60704700000C1002407CB5040056
:106490000025244E3068C00003D502F0D9FB01006E
:1064A0000FE0306850F080503060306810F080505D
:1064B0000090009802F0CCFB0100306830F0805072
:1064C0003060B1F5007F09D1812C15D3A12C02D306
:1064D0000220050010E0012005000DE0812C02D310
:1064E0000320050008E0802C02D10220050003E013
:1064F000702C01D10120050010480268D208D2009A
:106500002A430260006810F00700A84201D0012071
:1065100000E0002076BD000094100240041002400C
:10652000C4F500085810024000700040901002406E
:10653000981002408C809D01FCFFEEFE002002407E
:1065400070F200080024F40000127A00A0FA00089B
:106550007047704710B410F00703DFF868412268F5
:106560004FF6FF010A40DFF8601151EA03210A43A8
:10657000226010BC7047DFF84C010068C0F30220B5
:1065800070470000010049B200290AD4012210F02E
:106590001F018A40DFF8341103005BB25B0941F848
:1065A00023207047010049B200290DD4012210F0C8
:1065B0001F018A40464903005BB25B0941F8232072
:1065C000BFF34F8FBFF36F8F704710B4020052B20A
:1065D000002A05D40A013F4B040064B21A5508E0B2
:1065E0000A013D4B040064B214F00F04234403F885
:1065F000042C10BC704770B4030013F00704D4F1EE
:106600000700052801D3042001E0D4F10700251D6F
:10661000072D01D2002500E0E51E012616FA00F044
:10662000401E0140A94016FA05F56D1E2A4011438F
:10663000080070BC704710B50400601EB0F1807F88
:1066400001D301200EE0601E244908600F215FF095
:10665000FF30FFF7BAFF00202149086007202149D9
:106660000860002010BD10B504002000FFF772FF85
:1066700010BD2DE9F04104000D0016000027FFF7C2
:106680007AFF8046320029004046FFF7B4FF010040
:10669000200040B2FFF799FFBDE8F08110B504007B
:1066A000200040B2FFF76EFF10BD10B504002000BF
:1066B00040B2FFF777FF10BD10B504002000FFF7D0
:1066C000BAFF10BD0CED00E00000FA0500E100E0AB
:1066D00080E100E000E400E018ED00E014E000E0FC
:1066E00018E000E010E000E010B5044610460A464D
:1066F00001462046FBF7A8F9204610BD80B502F000
:10670000F1FA00F017F802F0FFFA02F0A9FBFDF72A
:1067100083FC02F0D5FB02F0E9FB02F08FFCFEF7F0
:1067200067FDFEF783FDFEF79FFD02F0EBFC01F035
:1067300013FFFEE710B596B04421002205AC2000FF
:10674000FBF782F9142100226C462000FBF77CF94C
:106750004FF4007002F082FA002801D000F033F804
:106760001820059001200A9001200B9000200C9029
:1067700060200D9002200F900120109001201190B8
:1067800028201290072013900220149002201590C8
:1067900005A8FFF7DFF9002801D000F014F80F205A
:1067A0000090032001900020029000200390002020
:1067B000049004216846FFF711FD002801D000F085
:1067C00002F816B010BD72B6FEE700002DE9F04DDC
:1067D0002DED0A8B41EC190B43EC182B51EC180BE7
:1067E00020F0000431F0004508BF002C84B000F018
:1067F000088353EC192B0020DFF88C1602F0DAFC2A
:1068000000F0FF82DFF8141602F0D4FC08D151EC3E
:10681000180B48004015401C02D1090300F0F1821A
:1068200051EC190B48004015401C00F00E8251EC51
:10683000190B31F0004108BF002800F0068251EC2E
:10684000180B48004015401C00F0FF8151EC180B5C
:106850004B0043EAD0734200002B08BF002A04D14A
:10686000B0EE48AAF0EE68AA19E040F23344A4EB77
:106870005352352A04DB00F0000001F000410CE027
:10688000202A03DD203AD140914000E001D10020D0
:1068900003E0002AC4BFD040904041EC1A0B51ECF9
:1068A000190BC80F0BD053EC182B51EC1A0B02F03C
:1068B00081FC04D0AFF300809FED3F9BA3E253EC3B
:1068C000192B23F00041B1F5801F22F000000DD2FA
:1068D0000022002908BF0028009216D06A4651EC19
:1068E000190B02F077FC41EC190B0EE0DFF8AC4518
:1068F000DFF82C7504EB115000903B40DFF82405C5
:10690000924643EA000B4BEC19AB51EC190BC80F44
:1069100036D021F0004053EC192B034643EC192BE1
:1069200051EC1A0B4B0043EAD0734200002B08BF16
:10693000002A04D1B0EE4A0AF0EE6A0A19E040F2E9
:106940003444A4EB5352352A04DB00F0000001F07C
:1069500000410CE0202A03DD203AD140914000E0C4
:1069600001D1002003E0002AC4BFD040904041EC98
:10697000100B53EC1A2B51EC100B02F01BFC01D145
:10698000002600E00126009801281DD151EC190BCA
:10699000DFF89424DFF8943402F054FC14D253EC62
:1069A000192B00204FF08041FDF7A2FE00279FED3C
:1069B00004BB41EC190B27E0FFFFFFFFFFFFFF7F48
:1069C000000000000000F03F53EC192B0020DFF81E
:1069D0006014FDF78DFE9FED78AB53EC1A2BFDF79D
:1069E00059FFFEF715F8A0F120042046FDF7A0FBA3
:1069F0000022DFF84034FDF77BFE53EC1A2BFDF745
:106A000049FF41EC1B0B670151EC190B53EC1B2B9D
:106A100001F038FA41EC1A0B53EC192B51EC1B0B1B
:106A2000FDF738FF02460B4651EC1A0BFDF79EFBB3
:106A300041EC190B53EC192BFDF75AFE41EC1C0BE2
:106A400053EC1C2BDFF8F003DFF8F013FDF750FEDA
:106A5000DFF8EC23DFF8EC33FDF71CFF53EC1C2BC5
:106A6000FDF746FEDFF8E023DFF8E033FDF712FF25
:106A700053EC1C2BFDF73CFEDFF8D423DFF8D433B6
:106A8000FDF708FF53EC1C2BFDF732FEDFF8C8239F
:106A9000DFF8C833FDF7FEFE53EC1C2BFDF728FE94
:106AA000DFF8BC23DFF8BC33FDF7F4FE53EC1C2BFE
:106AB000FDF71EFEDFF8B023DFF8B033FDF7EAFE86
:106AC00053EC1C2BFDF714FE53EC1A2B01F0DAF9F2
:106AD00004460D460020DFF8B01353EC1B2B01F0E9
:106AE000D1F900224FF08043FDF702FE22462B46EB
:106AF000FDF7D0FE53EC192BFDF7FAFD41EC100B1E
:106B0000DFF86C03784400F55A70074453EC1A2BF5
:106B100051EC100BFDF7BEFE41EC190B0098FDF790
:106B200007FBD7E90023FDF7B5FE41EC1A0B53EC48
:106B3000192BDFF84003DFF84013FDF7D9FD53ECC4
:106B40001A2BFDF7A7FE53EC182BFDF7D1FD002201
:106B5000DFF8283302F076FB41EC1B0B69D30122EE
:106B6000C74B02F087FB61D9C80F53EC1B2B1ABF30
:106B70000020C449AB49FDF78DFEFDF749FF002217
:106B8000C14BCDE901238046CDF8008053EC192B91
:106B900051EC180BFDF7ACFD04460D46D7E9020198
:106BA000D7E90423FDF776FE53EC182BFDF7A0FD83
:106BB0009FEDB6BB04E000BF000000000000E03F16
:106BC00053EC1B2BFDF794FD22462B46FDF762FE8E
:106BD00007468B4653EC1A2B51EC180BFDF788FD3A
:106BE00004460D464046FDF7A3FA02460B462046F2
:106BF000294601F047F953EC1B2BFDF779FD3A4686
:106C00005B46FDF747FEDDE9012302F04BFB41EC5B
:106C1000190B31F0004108BF00280AD051EC190BC4
:106C200048004015401C06D1090304D19FEDA09BEC
:106C300001E09FED9B9B002E00F0E58051EC190BCD
:106C400081F0004141EC190BDDE051EC190B4800DB
:106C50004015401C02D1090340F0D58051EC180BBF
:106C600048004015401C06D1090304D0B0EE489AF4
:106C7000F0EE689AC7E051EC180B4800012440156B
:106C8000401C61D051EC180B4B0043EAD07342001A
:106C9000002B08BF002A04D1B0EE48AAF0EE68AA83
:106CA00019E040F23345A5EB5352352A04DB00F0DE
:106CB000000001F000410CE0202A03DD203AD14021
:106CC000914000E001D1002003E0002AC4BFD04081
:106CD000904041EC1A0B53EC182B51EC1A0B02F0BC
:106CE00069FA18BF00244B0043EAD0734200002B1E
:106CF00008BF002A04D1B0EE4A0AF0EE6A0A19E091
:106D000040F23445A5EB5352352A04DB00F0000075
:106D100001F000410CE0202A03DD203AD1409140EF
:106D200000E001D1002003E0002AC4BFD040904021
:106D300041EC100B44B153EC1A2B51EC100B02F048
:106D400039FA0CBF0024012451EC190B48004015FE
:106D5000401C0AD1090308D151EC190BC80F21D1ED
:106D600053EC182BDA0F49D040E051EC180B4800D7
:106D70004015401C1ED109031CD153EC192B23F0E4
:106D80000041B1F5801F22F0000021D2002200292D
:106D900008BF002800921FD06A4651EC190B02F080
:106DA00019FA19E051EC180BC80F01D1002C21E0A1
:106DB000E4B10AE0002C1ABF51EC190BC80F0020F7
:106DC00053EC182BDA0F14D180B19FED329B1AE0EF
:106DD000324C04EB1150009051EC180BC80F009886
:106DE00002D100280ADC01E0002807DD9FED2C9B82
:106DF00009E0002818BF9FED2C9B04D19FED2C9B30
:106E000001E09FED049B04B051EC190BBDEC0A8B23
:106E1000BDE8F08D000000000000F03F0000F0BF72
:106E2000FFFF0F800000E03FCD3B7F669EA0E63F66
:106E3000000050400000903FF7DE29BFD8F8C23F65
:106E4000F4B3FECC1A99C33F62CB68D96F46C73FF3
:106E5000C6C912DAC471CC3F4AE98A942449D23FA8
:106E6000F75F97999999D93FBC5555555555E53FC9
:106E700048770000FE822B654715F73F0000E0C011
:106E80000000E0400000E0BF0000F03FEF39FAFEF4
:106E9000422EE63F000000000000008002FCFFFFE1
:106EA0000000000000000000000000000000F0FFF3
:106EB000000000000000F07F2DE9F14FB0B09246D5
:106EC00004910DF142013A9A2B9199464A700020A3
:106ED0000AE01AF8011B0498309A904700280490A1
:106EE00000F0B6860D98401C0D909AF8000050B145
:106EF0002528EED1002100220791089209910A92DB
:106F00000B910C9204E00D9800F0A4BE41F0010139
:106F10001AF8010F2028F9D023280CD02B2804D0F0
:106F20002D2805D0302809D00BE041F00201EFE711
:106F300041F00401ECE741F00801E9E741F01001FC
:106F4000E6E72A280FD1D9F8002052F8040BC9F837
:106F5000002000280F9003D540420F9041F004011B
:106F60000AF1010A14E00F92DFF828380AE00F98BE
:106F7000984205DA00EB800402EB4402303A0F92AB
:106F80000AF1010A9AF80020A2F130000A28EED393
:106F90009AF800002E2803D04FF0FF320E9229E01D
:106FA0001AF8010F2A2809D1D9F8000050F8042B4B
:106FB000C9F800000E920AF1010A1BE02D280CBF4F
:106FC0000AF1010A002000220E92DFF8C8470BE008
:106FD00040B90E9AA24205DA02EB820503EB4503A3
:106FE000303B0E930AF1010A9AF80030A3F1300207
:106FF0000A2AEDD3ADF84010DFF89C07784400F57D
:10700000F3609AF8001002F041FB08B11AF8010B86
:107010008DF842009DF84200682805D19AF80000DA
:1070200068280CD1622106E06C2804BF9AF80000A1
:107030006C2804D171218DF842100AF1010A12A8BE
:1070400006901AF801BBBBF125012CD01C3900F0C9
:10705000D081091F022940F2CC81133900F0238529
:10706000093900F0C681891E00F0B885491E00F07C
:107070006585491E022940F2BC81091F00F05E852A
:10708000491F00F02881491E00F00D85491E00F0BF
:10709000D080C91E0DD0891E00F00585C91E00F0E4
:1070A000028500F0A6BD25238DF84830012100F0AF
:1070B000ABBDD9F8000050F8044BC9F80000002C13
:1070C000059440F0A3802B994878002800F099801F
:1070D0004FF0FF340FF6843002F0E4FA201A40F04B
:1070E000B78500F092BD6D1E40F0A9853096079DD2
:1070F00012AF75B1309E17F8012B02A9304600F08F
:1071000073FE002801D46D1EF5D10028309640F0A2
:107110009F850A9D3020002D8DF804000CDD309EE7
:10712000012301AA02A9304600F06EFE002840F0BB
:107130008F856D1EF4D13096059F089D75B1309EE8
:1071400017F8012B02A9304600F04EFE002801D4AA
:107150006D1EF5D10028309640F07A850B9D3020C9
:10716000002D8DF804000CDD309E012301AA02A938
:10717000304600F049FE002840F06A856D1EF4D1CB
:10718000309605980899099D471875B1309E17F8F3
:10719000012B02A9304600F027FE002801D46D1E05
:1071A000F5D10028309640F053850C9D3020002DFD
:1071B0008DF804000CDD309E012301AA02A930469F
:1071C00000F022FE002840F043856D1EF4D1309679
:1071D0009DF8400041077FF588AE2020002C8DF8F7
:1071E00004007FF782AE309D012301AA02A9284640
:1071F00000F00AFE002840F02B85641EF4D1309583
:1072000073E60FF66440059000F0FFBC0E9D002D64
:1072100004D52046FCF770FF044607E02A462046C6
:1072200002F060FA002814BF041B2C46089400F0FA
:10723000ECBCD9F8001051F8040BC9F8001020F08C
:107240000004002121F0FF3512ABCDE90245059382
:10725000DDE9022306993C2413B90AB90E9898B1C6
:1072600002F00F053035641EEEB23A2EA8BF273566
:10727000120942EA03721B090D5508BF002A03D008
:1072800005980D19A842EBD308190590C4F13C02EA
:107290000E98089282420ADABDF84010821A4FF620
:1072A000EF7001400A92ADF8401000F0AEBC00282B
:1072B00040F1AB849DF8400000F01400102840F02D
:1072C000A4840F9B07990A985B1A1B1A9A1A002A22
:1072D00040F39B84E5E32B99487820B14FF0FF34CD
:1072E0000FF65430F8E69DF84200622861D0682815
:1072F00017D06A283FD06C2806D0712847D0742850
:107300002CD07A281DD064E0D9F8001051F8040B75
:10731000C9F80010002868D14FF0FF340FF6303064
:10732000DAE6D9F8001051F8040BC9F8001020B9BA
:107330004FF0FF340FF61830CEE60D99018000F0C3
:1073400064BCD9F8001051F8040BC9F800100028EB
:107350004BD14FF0FF340FF6F820BDE6D9F80010FE
:1073600051F8040BC9F8001000283ED14FF0FF344B
:107370000FF6DC20B0E6D9F8001051F8040BC9F87C
:10738000001080B94FF0FF340FF6C420A4E6D9F8FE
:10739000001051F8040BC9F8001020B94FF0FF3469
:1073A0000FF6AC2098E60D9AD317C0E9002300F041
:1073B0002CBCD9F8001051F8040BC9F8001020B902
:1073C0004FF0FF340FF6882086E60D99017000F02B
:1073D0001CBCD9F8001051F8040BC9F8001020B9F2
:1073E0004FF0FF340FF6682076E60D99016000F04B
:1073F0000CBCD9F80020D21D22F00702C9F80020E9
:10740000D2E900010832C9F80020CDE90201C80F15
:1074100002D007982D210AE0BDF84000810702D56F
:1074200007982B2103E0C00705D50798202112AA51
:107430001154401C0790DDE90223079912A8CDE9F9
:107440002C2308444BF020016129059021AC0BD07E
:107450000E99002902D506210E9105E001BF4BF0DF
:107460002001672901220E92DDE902235900491506
:10747000491C0DD11A030BD0ABF1610503211A2D64
:10748000089102D20FF6E41110E00FF6E4110DE0BE
:1074900059004915491C0DD11A030BD1ABF16105F7
:1074A00003211A2D089119D30FF6CC110322FCF7F2
:1074B00027FDAAE3DDE90201CDE92E01DDE92E2356
:1074C00023F00047B7F5801F22F000060DD20022FE
:1074D000002F08BF002E009203D116E00FF6941182
:1074E000E4E76A4601F076FE0FE0DFF8DC08DFF83B
:1074F000DC1800EB17500090DDE92E234FF0FF3031
:107500001940DFF8CC7810403943CDE902014BF047
:10751000200061280DD1059830210170821CBBF13B
:10752000610F05920CBF7821582141700798801C8B
:107530000790DDE9020120F0000231F0004308BFAE
:10754000002A02D10026002568E14BF02008B8F19E
:10755000610F40F0B4800E98002847BF21210191AF
:10756000401C0190019FDDE92C017F1C00220023BB
:10757000DDE9024501F066FE00998DF8842038BFF0
:1075800085F00045091F002F00910DF1850653DDA0
:10759000204629460022002301F06CFE4CD2480010
:1075A000400D00F11C0212D0002A10DD40F2FF73E2
:1075B0009A4206DBDFF81C1805F00040014300206A
:1075C00011E06FF31E5141EA025120460BE024F016
:1075D000000035F0004108BF00280FBF29461C22DB
:1075E000294602F0ABF804460D46FDF711FAFF1FDD
:1075F000002F804609DDFCF79BFD02460B46204626
:10760000294600F03FFC04460D46F01D0721B8F165
:10761000000F0CDD491E5EBF08F00F0200F8012DBF
:107620004FEA2818F3D502E0002200F8012D491E88
:10763000FAD5C61D002FABDC0DF18500361A019876
:107640008642D8BF304600280DF1850430D4B042C0
:1076500006DA0DF185010A5C082AA8BF0F2100DABD
:107660000021024621AB134400E0401E13F80159EB
:10767000521E8D42F9D00F2904D10DF185018B5C8A
:107680005B1C8B54002A04D50099091D21AC401CB9
:107690000091411E0CD46218ABF13A0613783033D6
:1076A000DDB23A2DA8BFF318491E02F80139F5D50D
:1076B0000E99002940F1B080421E0E92ACE0009974
:1076C000DFF8142747F29750414391FBF2F2DDE9CE
:1076D0002C45009225F00045D2F1070204DD20463A
:1076E000294600F04EFB0BE052420020DFF8EC167A
:1076F00000F047FB02460B4620462946FCF736FDC4
:107700000446B8F1660F0E9806BF009F0A37062799
:107710003F18142FC8BF142730200D468DF8840061
:107720000DF18506002F39DD2046294602F0A4F828
:1077300001460A4606F1080304200A26B2FBF6F6C3
:1077400006EB860EA2EB4E02303203F8012C0A2221
:10775000B6FBF2F202EB820EA6EB4E063036401E6E
:1077600003F8026DE9D1083F002F03F10806D9DDC7
:107770000846FCF753FE02460B462046294600F019
:1077800081FB0022DFF85836FCF7B2FF04460D46B5
:10779000CAE700BFCBCCCC0CA08300000DF1850064
:1077A000361A0DF1850404E00098401E761E009004
:1077B000641C20783028F7D0B8F1660F02D1009908
:1077C000491C04E0B8F1650F0CBF012100210E989F
:1077D00008188642B8BF701E00281DD4B04204DAD3
:1077E000215C3429C8BF392100DC30210246631EE8
:1077F0009D1800E0401E15F80169521E8E42F9D016
:10780000392902D1A15C491CA154002A04D5009950
:10781000491C1C46401C00910646009D02F040F8A1
:10782000406A0778DDF8388030B2002802DC012693
:107830000FF248644BF02000662808BF6D1C16D07C
:10784000672846D128B210F1040F48DB404546DADC
:107850009DF840006D1C010703D430B24045B8BF0D
:10786000804628B2B8EB000848BF4FF000080FFA76
:1078700085FBBBF1000F00F3B5800898411C08910F
:10788000302205990A54B8F1000F03DC9DF840003E
:10789000010704D50898411C089105990F5418EB6D
:1078A0000B0FB8BFC8F100052DB268420B90A84479
:1078B00032B29045B8BF4646059B089836B2099645
:1078C000324621461844FCF71BFBA8EB06000C903F
:1078D000D2E0BBF1610F17D14FF0700B19E030B25D
:1078E000404504DA9DF840100A0758BF8046B8F1B9
:1078F000010848BF4FF00008BBF1670F14BF4FF0FD
:10790000450B4FF0650B04E0BBF1410F08BF4FF092
:10791000500B0898411C0891B8F1000F059914F814
:10792000012B0A5403DC9DF8400001071AD5089882
:10793000411C0891B8F1000F05990F5412DD761E15
:1079400030B280450598089BB8BF464632B2214602
:107950001844FCF7D5FA089936B271180891A8EBCB
:1079600006000B9005980899084429B2002980F870
:1079700000B003D42B224270821C04E02D224270FE
:107980000D46821C6D4200212CAB28460AE00446BD
:107990000A2094FBF0F000EB8005A4EB450403F80B
:1079A000014B491C00B20028F1DC012906DC4BF038
:1079B0002000652804BF302002F8010B00292CAB01
:1079C00008D1302002F8010B06E0491E585C303027
:1079D00002F8010B0029F8DC059908980844121AEE
:1079E000099249E030B229B288421CDA0598089B16
:1079F00032B221461844FCF783FA089936B271185E
:107A0000ABEB0606B8F1000F08910B9603DC9DF86E
:107A10004000020704D5059847540999491C09916B
:107A2000CDF8308028E00598089B2AB221461844FA
:107A3000FCF766FA0898761B5844B8F1000F0890D6
:107A400003DC9DF840100A0703D5411C08910599F5
:107A50000F5430B280450598089BB8BF464632B2F5
:107A600004EB0B011844FCF74BFA089836B23018B7
:107A70000890A8EB06000B909DF8400000F0140061
:107A8000102840F0C280079A08990B988A18099923
:107A900082180C988A1882180F98824280F2B5805A
:107AA000821A0A92B1E09DF84200622808D0682844
:107AB0000ED06A2814D06C281FD0712810D01CE07A
:107AC000D9F8001051F8040BC9F80010C0B21AE040
:107AD000D9F8001051F8040BC9F8001080B212E078
:107AE000D9F80020D21D22F00702C9F80020D2E9FF
:107AF00000010832C9F8002006E0D9F8001051F85A
:107B0000040BC9F800100021CDE902019DF84000E6
:107B100001075AD5DDE90223002B08BF002A54D003
:107B20004BF02000782850D1079812A930220A542F
:107B3000401C431C079301F800B046E09DF842004A
:107B4000622808D068280ED06A2814D06C281FD06C
:107B5000712810D01CE0D9F8001051F8040BC9F8B6
:107B6000001040B21AE0D9F8001051F8040BC9F81F
:107B7000001000B212E0D9F80020D21D22F0070256
:107B8000C9F80020D2E900010832C9F8002006E057
:107B9000D9F8001051F8040BC9F80010C117CDE94D
:107BA0000201002902D507982D210AE0BDF8400006
:107BB000810702D507982B2103E0C00705D5079858
:107BC000202112AA1154401C079012A807990144C1
:107BD000059102A8594600F04FF816E001200790E1
:107BE000D9F8000050F8041BC9F800008DF84810BF
:107BF0000BE025210122BBF1000F8DF84810079200
:107C000003D08DF849B0022107910F9A07980A997D
:107C10000C9C121A0898521A0B99121A0998521AA7
:107C2000121A9DF84000141B41073FF560AA20205E
:107C3000002C8DF804007FF75AAA309E25460123B8
:107C400001AA02A9304600F0DFF800283FF44BAA51
:107C50004FF0FF3031B0BDE8F08F00007072696EF8
:107C600074665F733A2062616420257320617267D5
:107C7000756D656E740000002DE9FC4307466F29A1
:107C80003E6908BF082405D041F02000782814BFC1
:107C90000A2410243C25D7E90023642918BF692948
:107CA0009046994605D1002B03D5D8F1000869EB21
:107CB0004909B9F1000F08BFB8F1000F0CD1386BBA
:107CC00050B9082C39D197F83800010735D5302044
:107CD0003B2586F83B0030E08DF8001040464946D1
:107CE0002246E317FCF7ECFB3032D0B26D1E3A2887
:107CF000019504DB9DF80000A0F151018A1872552E
:107D0000404649462246E317FCF7DAFB80465FEA25
:107D1000010908BFB8F1000F03D0F8687119884253
:107D2000DCD3082C09D197F83800010705D5705D20
:107D3000302802D06D1E30207055C5F13C02BA616A
:107D40007119F960386B824208DA821A3A624FF68A
:107D5000EF70398F01403987BDE8F38300280ED5D5
:107D600097F8380000F01400102808D17B6B79696F
:107D7000386A5B1A1B1A9A1A002AC8BF3A62BDE811
:107D8000F3832DE9D04306460F4614464FF0000812
:107D9000DFF8509012E0E00707D542464B463046E8
:107DA0003946FCF7A5FC06460F4640464946424682
:107DB0004B46FCF79DFC641080468946002CEAD1B6
:107DC00030463946BDE8D08302FCFFFFFFFF0F803D
:107DD0000000E03F0000F07FA08601000000F03FBF
:107DE00084D797410000244010B503460C46114645
:107DF000A0689847A06020B1E06A401CE0620020C3
:107E000010BD4FF0FF3010BDF8B505460E461746C1
:107E10001C4600205CB117F8011BB068A847B06091
:107E200030B1F06A401CF0620020641EF3D1F2BD54
:107E30004FF0FF30F2BD00007072696E74665F73C0
:107E40003A20256E20646973616C6C6F77656400FD
:107E50007072696E74663A2062616420256E2061DA
:107E60007267756D656E7400000000006E616E00D3
:107E70004E414E00696E6600494E460030000000DB
:107E80007047000070B44FF0004591EA030F7CF595
:107E900009AD6B40841A71EB030603D2001BB1419C
:107EA000121973414FF4001C1CEB410F34BF7CEBE3
:107EB000430442E00C0DA4EB1356352E4FDC45EA8B
:107EC000C323DB0A45EAC121C912B6F120050DDD45
:107ED00063FA05F6EB4086EA0305124218BF45F047
:107EE0000105C01851F100010CD213E062FA06F549
:107EF000F2405540F3415A40B340F3405A40801895
:107F0000594107D349085FEA30005FEA350528BFC9
:107F100045F0010501F58011420875F1004250F16C
:107F2000000041EB04514E0016F5001F70BC38BF35
:107F300070470020090D090570471CEB410F10D256
:107F400052EA43060BD0BCEB410F05D80C0DAB43F6
:107F5000661E342EB6DD02E0AB438018594170BC7A
:107F6000704770BC704700002DE9F84F05005FF0C6
:107F7000000800272868000527D5686C00280DD068
:107F8000B0F5000F03D0B0F5400F0DD00DE0DFF8D5
:107F90002403016851F48031016008E00021281DAC
:107FA00000F092F9804602E001E001208046404660
:107FB000C0B2002808D1DFF80C130A6832F440027E
:107FC000686C02430A6000E04746286880037AD55F
:107FD0005FF00009DFF8E0A2DAF80000C0000DD47D
:107FE000DAF8000050F08050CAF80000DAF800001B
:107FF00010F080500090009801208146DFF8BCB25C
:10800000DBF8000050F48070CBF80000F9F78AFB31
:108010000600DBF80000C00506D4F9F783FB801BDF
:108020000328F6D3032080464046C0B200283FD143
:10803000DFF88CB2DBF8000010F440700400002C74
:1080400015D0E86D844212D0DBF8000030F44070A7
:108050000400DBF8000050F48030CBF80000DBF8BF
:10806000000030F48030CBF80000CBF80040E0078F
:108070000FD5F9F757FB0600DBF80000800708D49E
:10808000F9F750FB801B41F289318842F4D3032079
:1080900080464046C0B2002808D1DBF8001031F419
:1080A0004071E86D0143CBF8001002E0474600E064
:1080B00047464846C0B2012805D1DAF8000030F042
:1080C0008050CAF800002878C00707D5DFF8F411FF
:1080D0000A6892089200286A02430A60287880079A
:1080E00007D5DFF8E0110A6832F00C02686A024333
:1080F0000A602878400707D5DFF8C8110A6832F00F
:108100003002A86A02430A602878800607D5DFF8A3
:10811000B4110A6832F44062E86A02430A602868CF
:10812000800507D5DFF89C110A6832F44022E86B1D
:1081300002430A602868400507D5DFF888110A68FD
:1081400032F44012286C02430A602878400607D5B2
:10815000DFF870110A6832F44052286B02430A605B
:108160002878000607D5DFF85C110A6832F440422F
:10817000686B02430A602868C00507D5DFF8441120
:108180000A6832F44032A86B02430A60286880040F
:1081900020D5DFF830110A6832F04062A86C024343
:1081A0000A60A86CB0F1006F06D1DFF80801016821
:1081B00051F4801101600DE0A86CB0F1806F09D11D
:1081C0000121281D00F080F880464046C0B20028FA
:1081D00000D047462868000320D5DFF8E8100A6879
:1081E00032F04062E86C02430A60E86CB0F1006F64
:1081F00006D1DFF8C000016851F4801101600DE084
:10820000E86CB0F1806F09D10121281D00F05CF805
:1082100080464046C0B2002800D047462868400348
:1082200020D5DFF8A0100A6832F04062286D0243C2
:108230000A60286DB0F1006F06D1DFF878000168A0
:1082400051F4801101600DE0286DB0F1806F09D10B
:108250000121281D00F038F880464046C0B20028B1
:1082600000D047462868400415D5DFF858100A6842
:1082700032F04052686D02430A60686DB0F1805F71
:1082800009D10221281D00F01FF880464046C0B2E7
:10829000002800D047462868000407D5DFF82410DE
:1082A0000A6832F08042A86D02430A603800C0B20A
:1082B000BDE8F28F0C1002405810024000700040E0
:1082C00090100240881002402DE9F04105000C009A
:1082D00000275949086810F0030F12D0086810F001
:1082E00003002A68904209D12868002806D008684F
:1082F000C0F30210401C6968884232D00120070098
:108300002FE02868012804D01BD303280FD007D3FF
:1083100017E04A480068800701D40120070012E0F6
:1083200046480068400501D4012007000BE043489F
:108330000268920304D40068400301D401200700BE
:1083400001E0012007003800C0B2002809D10A6806
:1083500032F07302286802436868401E52EA001235
:108360000A603800C0B2002861D1DFF8D080D8F8A8
:10837000000030F08060C8F80000F9F7D3F906007B
:10838000D8F80000000106D5F9F7CCF9801B0328C6
:10839000F6D3032007003800C0B2002847D1002CD4
:1083A0000BD127490A6827480240A86852EA0022F0
:1083B000E86852EAC0620A601CE0012C0DD1204935
:1083C0000A6821480240A86852EA00222869400849
:1083D000401E52EA40520A600CE019490A681B48E4
:1083E0000240A86852EA002268694008401E52EA2A
:1083F00040620A60D8F8000050F08060C8F80000C1
:10840000F9F790F90600D8F80000000106D4F9F752
:1084100089F9801B0328F6D3032007003800C0B277
:10842000002804D106490A68A86902430A60380096
:10843000C0B2BDE8F08100000C1002400010024004
:1084400010100240FF80FF07FF809FFFFF80FFF9B1
:1084500010B5040001F00BFB012010BD38B504007D
:10846000DFF89414087800280ED101200870DFF896
:108470008C048088DFF8881408802100C9B2DFF8F6
:108480008404F9F772FA22E0DFF87404DFF86C5420
:10849000AA8803889A4212D100200870AA88296805
:1084A0000220F9F7ABF9A2A10220F9F7BDF90121E9
:1084B000280001F081FB2800F9F782F907E0A9887C
:1084C00001802100C9B2DFF83C04F9F74EFA01201F
:1084D00032BD10B50400FDF7C8FA012010BD10B57B
:1084E0000400DFF824140320F9F7ACF90421DFF8C5
:1084F0001404F9F73AFA012010BD01000120704779
:1085000001000120704701000120704780B501F093
:10851000CBF901F03FFC01BD1CB500F04AF801F0B9
:10852000ACFCF8F7D9FE01F003FDF8F7D5FEDFF853
:10853000DC43002000900FF2491300225FF0FF316E
:10854000200001F0BBF9DFF8C813200001F072FA37
:10855000200001F0D9F913BDF8B50024FFF7D6FFCC
:10856000FFF7DAFFDFF8AC130320F9F75DF9DFF866
:10857000A8130320F9F758F9DFF8A0130320F9F73F
:1085800053F900F097F8012803D14FF4FA60FBF794
:108590009FFD002500F01DF806002E4301F078FC39
:1085A00007003743F8F7E6FE3843040001F00AFD00
:1085B000EFE780B500F09AF800F09CF80FF2B500F4
:1085C000DFF85C1308600FF2D500DFF8581308607D
:1085D00001BD70B50020002400252800C0B2072886
:1085E0003BDADFF820632800C0B200013044407855
:1085F000012830D12800C0B2042801D00120040095
:108600002800C0B200013044406800280ED0F9F7BD
:1086100089F82900C9B2090131444968401A290082
:10862000C9B2090131448968884214D30020290065
:10863000C9B2090131444870F9F774F82900C9B288
:108640000901314448602800C0B22900C9B20901BB
:108650003144C96888476D1CBFE7AA4A92F84100B7
:10866000002803D104211000F9F77FF92000C0B2DF
:1086700070BD000080B50021A248F9F767F901BD7F
:1086800010B50400A8490320F9F7CEF805219D484C
:10869000F9F75CF900F001F810BD704738B5040037
:1086A0000D004FF47A732A0092B221009F48FAF726
:1086B00026FC31BD38B500250024FDF7DBFE0100A6
:1086C000880110D4C8000ED488000CD448000AD405
:1086D000002908D4480102D50120040003E0080164
:1086E00001D5012004002000C0B232BD80B5FCF7E6
:1086F000BBFD01BD80B564228D498C48FDF7F0F9C2
:108700008C480168096831F00401006801600020AC
:1087100089490880002201212720FDF7AAFF272090
:10872000FDF7BCFF01BD80B58048FAF77DFC01BDB7
:108730000D0A00002DE9F0410400002500217E4AC9
:1087400016887C4FF869002823D16C48828812FA79
:1087500084F2B2F5966F01D3002282805FF00008A8
:108760004146220089B292B291420ED201688288BB
:108770001144424692B26E4BC4461FFA8CFC13F869
:108780000C308B5418F10108EAE781886118818068
:1087900077E03000230080B29BB2984229D2A01B20
:1087A00005005648838813FA85F3B3F5966F01D315
:1087B000002383805FF0000841462B0089B29BB202
:1087C000994212D201688388194443469BB2DFF86C
:1087D00060C1C6461FFA8EFE1EFA86FE1CF80EC049
:1087E00001F803C018F10108E6E781886918818063
:1087F00046E0D6F164000500404B988810FA84F0FA
:1088000010FA85F0B0F5966F01D300209880002013
:108810000100AC4689B21FFA8CFC614513D219687D
:10882000B3F804C0614484461FFA8CFCDFF800E111
:1088300080461FFA88F818FA86F81EF808E001F852
:108840000CE0401CE4E75FF000084046210080B2E5
:1088500089B2884210D2186899880844414689B282
:10886000DFF8CCC0C6461FFA8EFE1CF80EC000F81A
:1088700001C018F10108E8E7998828194118998082
:108880001480F86900280AD1642229492748FDF795
:1088900027F93868006830F0040039680860012161
:1088A0001848F9F753F8BDE8F0810100234801604A
:1088B0000020704780B52248016851F48041016072
:1088C000016831F4804101601848FCF7FFFD002089
:1088D00002BD38B504000D00124A1068002804D00B
:1088E000290089B2200012689047002013490968C6
:1088F0008847002032BD0000902600209004002010
:1089000088260020180400206CF40008C8250020E8
:1089100080A9030088F30008FCF3000818F400089D
:108920006C2600207C26002034F400080C1F002058
:10893000DC2200201C240020862600205C2600204B
:108940004010024080B5012217491848FAF73DFB54
:10895000002201214620FDF78CFE4620FDF79EFEF9
:1089600001BD704738B504000D480F490A78036807
:1089700085885A558288521C8280828840F2FF1373
:108980009A4201D30022828001220848FAF71DFB97
:1089900001200449087002210548F8F7E6FF31BDBF
:1089A000740B00209726002096260020FC1D002036
:1089B000240600202DE9F84785B005000E001400BC
:1089C0001F000020ADF802005FF0000ADFF80C2263
:1089D000107AA84202D27FF0040055E0D0683040FF
:1089E000B04202D07FF005004EE05068002806D06B
:1089F000002C04D00DF1020101A8526890470DF13E
:108A0000380843463A004FF40071DFF8DC0102F009
:108A100046F8814600F0CFF86946BDF8020010EB39
:108A2000090080B200F076F810F1010F28D05FF055
:108A3000000A5046BDF8021080B2884210D201A848
:108A4000514689B2405CDFF89811BDF80020885487
:108A5000BDF80000401CADF800001AF1010AE8E77B
:108A600043463A004FF40071DFF87401BDF800C0CE
:108A7000604402F014F800F0A3F800F008F803E0F6
:108A800000F09EF87FF0020006B0BDE8F08770B5F8
:108A90000024002500F099F8002837D100F08BF869
:108AA0004E4E308A718A88422ED0B07801280ED17D
:108AB0003188308A091AB1820220B07000203080DB
:108AC000B08A002803D10020B07000203082B07836
:108AD00000280CD1308A718A884204D2718A308A87
:108AE000091AB18203E0308AD0F58060B0823C4838
:108AF000318A0844050000F079F8B18A2800394A23
:108B000092689047040001E000F05AF8200040B25B
:108B100070BD000070B402005FF0FF302F4B5C8A24
:108B20001D8AAC4216D15C8AD4F5806415002600FB
:108B3000ADB2B6B2B5422BD315001E8AADB2B54266
:108B400026D201259D705D8A1D801D8A2C0000257E
:108B50005D821DE01C8A5D8AAC4216D25C8AD4F527
:108B6000806415002600ADB2B6B2B54210D3150030
:108B70001E8AADB2B5420BD201259D705D8A1D8063
:108B80001D8A2C0000255D8202E01D8A5C8A2C1B58
:108B900015002600ADB2B6B2B54209D25D8A0D808D
:108BA0005D8A15FA82F5AD05AD0D5D8200231800D2
:108BB00000B270BC70470948C18A491CC182704725
:108BC0000648C18A491EC18270470448C08A0028ED
:108BD00001D1002000E0012070470000B0250020F6
:108BE00070100020CCF800087016002070470000BC
:108BF00038B5040000251349087800281DD04FF42B
:108C00007A700978B0FBF1F00F490968B1FBF0F018
:108C1000FDF752FD00280DD1102C08D200222100B2
:108C20005FF0FF30FDF725FD0848046007E00120F4
:108C3000050004E00120050001E0012005002800F6
:108C4000C0B232BDBD0B002014040020F003002090
:108C5000DFF88000006810F4C06070470200B2F5D1
:108C6000007F26D1DFF86C00036813F4C063B3F50E
:108C7000007F2CD0036833F4C06353F400730360A7
:108C8000DFF85400036832204343DFF85000B3FBA1
:108C9000F0F0401C0100DFF8480003685B0503D5D5
:108CA000002901D0491EF6E7006840050FD50320D2
:108CB0000EE0DFF82000036813F4C063B3F5806FA3
:108CC00005D0036833F4C06353F48063036000206D
:108CD00070470000007000401404002040420F0064
:108CE0001470004010B500240320FDF7BCFC0F20D9
:108CF000FFF77EFF002802D00120040001E001F010
:108D0000BFFF2000C0B210BD38B586B014220021CC
:108D10006846FDF7E9FC4D48016851F00401016027
:108D2000016811F0040105910599016851F0800175
:108D30000160016811F0800105910599016851F009
:108D400001010160016811F00101059105990168B7
:108D500051F002010160016811F0020105910599CD
:108D6000016851F008010160006810F008000590EA
:108D70000598374D00224FF4E0712800FCF731F9D7
:108D800000224FF480715FF09040FCF72AF94FF217
:108D90003F200090032001900020029069462800A7
:108DA000FBF780FF0B200090032001900020029031
:108DB00069462848FBF776FF49F6E3000090032058
:108DC00001900020029069465FF09040FBF76AFF37
:108DD00045F68770009003200190002002901E4C01
:108DE00069462000FBF75EFF4FF4E0700090012021
:108DF0000190002002900020039069462800FBF7B4
:108E000051FF4FF4807000900120019000200290EB
:108E10000320039069465FF09040FBF743FF042076
:108E20000090032001900020029069460B48FBF758
:108E300039FF7820009000200190002002906946C0
:108E40002000FBF72FFF07B030BD00BF4C100240E1
:108E500000080048001C004800040048000C0048BE
:108E600080B51648016851F002010160016811F0F7
:108E7000020100910099016851F001010160006850
:108E800010F0010000900098002200210D20FDF755
:108E9000F0FB0D20FDF702FC002200211020FDF761
:108EA000E8FB1020FDF7FAFB002200214520FDF72A
:108EB000E0FB4520FDF7F2FB01BD00BF481002407A
:108EC00080B50848084901600321416040F6FF7100
:108ED000C1608160F8F75BFD002801D0FDF773FCED
:108EE00001BD00BFF42500200030004018B591B04E
:108EF0001422002101A8FDF7F7FB04220021684697
:108F0000FDF7F2FB2C22002106A8FDF7EDFB484CF3
:108F100048482060002060607F20A060FF20E06063
:108F200000202061002060610020A0610020E0613D
:108F3000200001F0C1FE002801D0FDF744FC002014
:108F40008DF8040000208DF8050000208DF8060043
:108F50000020049000200590012201A9200001F0CA
:108F600010FF002801D0FDF72EFC01208DF8000035
:108F700001208DF8010001208DF8020000208DF8FD
:108F8000030001226946200001F0A9FF002801D05A
:108F9000FDF719FC00208DF8180000208DF819004D
:108FA00000208DF81A000020079000200990002072
:108FB0000A9000200B9000200D9000200E900120C0
:108FC0008DF83C004FF480701090012206A920001B
:108FD00002F014F8002801D0FDF7F5FB12B010BD27
:108FE00010B598B00400602200216846FDF77CFBB4
:108FF00020681049884219D15FF4003000904FF486
:10900000007017906846FEF7AFFF002801D0FDF70B
:10901000DAFB0948016851F4004101600022002197
:109020002920FDF726FB2920FDF738FB18B010BDDD
:1090300038250020002800409010024080B52C48C0
:109040002C4901604FF482714160002181604FF42E
:10905000E061C16000210161002141614FF40071B4
:1090600081610021C1610021016200214162002172
:1090700081620721C162002101630821416302F07E
:10908000E3F9002801D0FDF79EFB01BD10B586B0C5
:1090900004001422002101A8FDF726FB20681549D1
:1090A000884222D11448016851F48041016000686F
:1090B00010F48040009000981048016851F00201BF
:1090C0000160006810F00200009000984FF420400A
:1090D00001900220029000200390032004900520BC
:1090E000059001A90648FBF7DDFD06B010BD0000A4
:1090F0007822002000380040581002404C100240F6
:109100000004004818B587B01022002103A8FDF71D
:10911000EBFA0C2200216846FDF7E6FA234C5FF0DB
:10912000804020604FF4FA6060600020A060012061
:10913000E060002020610020A061200002F01AFC05
:10914000002801D0FDF73FFB4FF48050039003A9A6
:10915000200002F0F7FC002801D0FDF734FB0020CE
:109160000090002002906946200002F0E9FD0028EE
:1091700001D0FDF728FB08B010BD1CB50400206825
:10918000B0F1804F11D10A48016851F0010101602E
:10919000006810F0010000900098002200211C20BF
:1091A000FDF767FA1C20FDF779FA13BD4023002074
:1091B0005810024090420CD141EA030C50EA4C0C8A
:1091C00007D0994205D14FF4001C1CEB410F38BF6A
:1091D0008942704710B5144600F002F8226010BDB5
:1091E000C1F30A5343B14A0012F5001F28D2A3F27B
:1091F000FE32A1EB0251704750EA410C20D001F041
:10920000004C31EA0C01B1FA81F204BFB0FA80F3EC
:10921000D2180B3AB2F120032CBF00FA03F19140AF
:1092200041EA0C013EBFC2F1200C20FA0CF31943B5
:109230009040524240F2FD33D21A01EB0351704785
:10924000002270474FF4001C1CEB410F94BF1CEB35
:10925000430F09E041EA030C50EA4C0C52EA0C0CB3
:1092600003D2994208BF9042704714BF8B4282429A
:10927000704700004FF4001C1CEB410F94BF1CEB27
:10928000430F09E041EA030C50EA4C0C52EA0C0C83
:1092900003D28B4208BF8242704714BF994290426A
:1092A00070470000F8B52DED0A8B41EC1A0B480011
:1092B0004015109D401C43EC182B23D051EC1A0B89
:1092C00031F0004108BF00281CD051EC180B4800B9
:1092D0004015401C16D051EC180B31F0004108BF6E
:1092E00000280FD051EC1A0B0022DFF84833FFF7AB
:1092F000A9FF80F0A38055EC184B9FED800B05F083
:109300000042ACE051EC1A0B48004015401C02D161
:10931000090340F0898151EC180B48004015401CAE
:1093200001D1090353D151EC180B31F0004308BFB0
:10933000002A08D151EC1A0B48004015401C46D1B8
:10934000090344D10DE048004015401C12D1090327
:1093500010D151EC1A0B48004015401C37D10903BD
:1093600035D1AFF30080BDEC0A8B4FF0FF306FF0CA
:109370000041F4BD51EC1A0B31F0004108BF002848
:1093800028D151EC180B4800400D05EB000234D1F8
:1093900051EC180B31F0004108BF002806D02A46D6
:1093A00051EC180B00F0CAF941EC180B51EC180BFA
:1093B00020F0000231F0004308BF002A05D0480029
:1093C0004015401C03D1090301D1AFF3008051ECDB
:1093D000180B2BE151EC1A0B48004015401C26D10C
:1093E000090324D153EC1A2B51EC180BBDEC0A8B5A
:1093F00001B0BDE8F040FBF77BB9002AC8DD40F2C0
:10940000FF70824209DB9FED9F0B53EC102B01F0A4
:1094100000410B4343EC182BC8E76FF31E5141EAA0
:10942000025155EC184B0D4645EC184BBEE755EC78
:10943000184B9FED320B05F0004210E001227E4BED
:10944000FFF718FF11D89FED8F0B51EC100B55EC67
:10945000184BAFF3008005F0004040EA010251ECE8
:10946000100BBDEC0A8B1146F4BD53EC1A2B73485C
:109470007349FBF73DF941EC100B53EC102B9FEDBA
:10948000719B03F0004251EC190B0C46144353EC52
:10949000192B51EC100B2346FBF7FCF9FBF7B8FA3C
:1094A0000446FAF745FE41EC1B0B53EC1B2B4FF027
:1094B00078406649FBF71CF902460B4651EC1A0B43
:1094C000FEF7E0FC06460F4653EC1B2B6048614953
:1094D000FBF70EF902460B4630463946FEF7D2FC42
:1094E00041EC1A0B21F0004100225B4BFFF7AAFE72
:1094F00008D2B0EE48AAF0EE68AA55E000000000DD
:109500000000000053EC1A2B51EC1A0BFBF7F0F89B
:1095100041EC1B0B53EC1B2B50485149FBF7E8F86F
:10952000504A514BFBF7B6F953EC1B2BFBF7E0F815
:1095300041EC1C0B53EC1B2B4C484D49FBF7D8F866
:109540004C4A4D4BFBF7A6F953EC1B2BFBF7D0F81D
:1095500053EC192BFBF79EF953EC1A2BFBF7C8F8C9
:1095600041EC190B53EC1C2BFBF794F99FED43AB2B
:1095700053EC1A2BFBF78EF906460F4651EC1C0BE9
:1095800053EC192BFEF77EFC53EC1A2BFBF782F9F8
:1095900002460B4630463946FAF7E8FD53EC182BE5
:1095A000FBF7A6F841EC1A0B51EC1A0B2A194800EC
:1095B000400D02EB000319D0002B17DD40F2FF70C5
:1095C000834209DB9FED2F0B53EC102B01F0004180
:1095D0000B4343EC1A2B16E06FF31E5141EA035183
:1095E00055EC1A4B0D4645EC1A4B0CE051EC1A0B9E
:1095F00031F0004108BF002805D051EC1A0B00F0F3
:109600009DF841EC1A0B51EC1A0B20F0000231F0DE
:10961000004308BF002A05D048004015401C03D174
:10962000090301D1AFF3008051EC1A0BBDEC0A8B9A
:10963000F4BD000000C89CC000C89C40FE822B65A1
:109640004715F73F000000000000E03F422EE63FD4
:10965000F2E4D5BCE7E84B3E0000903C112E578168
:10966000A03F503F5843128C8F71BC3F4BE8A5413F
:10967000B752013F0BBDF3DAE8708C3F00000000E9
:109680000000F03F000000000000F07FC9B2027847
:109690008A421AB11CBF10F8012FF9E718BF002049
:1096A0007047000080B500B906A005490B681BB1E2
:1096B00022220021984701E002F080FB222002BD17
:1096C00080260020636F6E73747261696E74206807
:1096D000616E646C65723A20626164206D657373BB
:1096E00061676500C9B2830706D0521E22D310F805
:1096F000013B9942F7D11FE0083A13D302F104026B
:1097000041EA012141EA014150F8043B121F21BF07
:109710004B40A3F1013C2CEA030C1CF0803FF3D03A
:10972000C9B2001F083210F8013B521E28BF91EA4F
:10973000030FF8D818BF0120401E7047124254D4BE
:1097400040F2FF7C1CEA11530FD0634531D09B18C7
:1097500063453CBF01EB0251704701F0004141EA13
:109760000C510020AFF30080704750EA410320D035
:1097700001F0004C91EA0C011CD0B1FA81F30B3BD3
:109780009A420DD9D21A994051EA0C01C3F1200C2A
:1097900020FA0CFC61449840531C40F2FF7CD7E750
:1097A000914041EA0C01C2F1200C20FA0CF319435C
:1097B00090407047B0FA80F31533202BE0D3202A75
:1097C000EED3203A203B9A4209D9D21A00FA03F18B
:1097D00041EA0C010020531C40F2FF7CB8E700FA7C
:1097E00002F141EA0C0100207047524240F2FF7C36
:1097F0001CEA11530DD06345DBD0B2EB030C3CBF28
:10980000A1EB025170470CF1010221EA035141F42E
:10981000801150EA410CCCD001F0004C352A27DCF5
:1098200030B481EA0C01B2F1200309DAC2F120035D
:10983000044601FA03F5D0402843D1409C400CE097
:10984000C3F12002450020FA03F418BF44F00104DC
:1098500021FA03F091400C43002174F1004550F1CE
:10986000000051EB0C01244230BC7FF47BAF704709
:109870006146002076E70000400D491840EA81204B
:109880000CD2490DA1F58061491C40F0004005DB78
:10989000D1F11F0154BFC840C01770470020704766
:1098A00000487047840B002080B50020DFF80013CB
:1098B0000860DFF800030068804702BD2DE9F04131
:1098C00004000D0016001F00DDF81880002C18D0D1
:1098D0003800002815D0002020602800DFF8D412BE
:1098E000496A884760600020207200206072002072
:1098F000A072E760C4F81080E6720020606100206A
:1099000000E00120BDE8F0812DE9F04704005FF0A0
:109910000008002C3BD0200000F002F9002836D1CE
:10992000607A002833D160680700DFF88892D9F8A0
:10993000200080470600B74200D237002760002091
:109940002072012060720020A072DFF864A2DAF8B1
:109950000000002806D1D9F810008047200000F050
:1099600019F916E0D9F81800804705002068281872
:1099700020602068DAF800100968884203D22000CD
:1099800000F008F905E0200000F0EDF801E001200A
:1099900080464046C0B2BDE8F0872DE9F0410500A1
:1099A0000026002D40D0DFF80882D8F80070D8F8E3
:1099B00000400120A872D8F80000002836D000200E
:1099C0006872D8F80000A8421AD10020D8F8001018
:1099D0000872D8F800004069002809D0D8F80000C3
:1099E0004069C8F80000D8F8000000F0A6F818E0B8
:1099F000DFF8C001C06880470020C8F8000010E010
:109A0000002C0ED0AC4209D16069002802D06469F4
:109A10007C6102E0002004007C6102E027006469B0
:109A2000EEE70020060001E0012006003000C0B291
:109A3000BDE8F08170B504000D000026002C02D1B5
:109A40000120060010E028005A49496A88476060F2
:109A5000200000F065F8002806D02000FFF79DFFE9
:109A60002000FFF751FF06003000C0B270BD2DE9A5
:109A7000F843504D68698047060028698047070011
:109A8000B7EB0608DFF82891D9F8000000280FD0BE
:109A9000D9F8000004002068804504D22068B0EBAB
:109AA0000800206001E0002020606469002CF2D1F1
:109AB000D9F80000002824D0D9F800000068002858
:109AC00006D0A8698047D9F800100968814218D2E9
:109AD000D9F800000400D9F800004069C9F8000076
:109AE00000202072002060722069E1688847E07AD7
:109AF0000128DDD1A07A0028DAD12000FFF704FF89
:109B0000D6E7D9F80000002808D0D9F80000007A7C
:109B1000002803D1D9F8000000F00FF8BDE8F18368
:109B2000020023480168002905D0914201D101209B
:109B300002E04969F7E70020704770B504001D4D49
:109B4000286A8047060001202072A86980472168A2
:109B50003018814203D2A8698047301820602068FD
:109B6000A968884770BD10B411490A6809684B6933
:109B70005169002909D019680468A14202D21A006B
:109B80005B69F5E75061436102E05061002141618A
:109B900010BC704738B5050005480468002C01D09A
:109BA000002121726C6105600068FFF7C6FF31BDBE
:109BB00070260020A0F200082DE9FC4704000D00EB
:109BC0005FF0FF3600226E4BD3E90001CDE90001C2
:109BD0005FF000094846A18880B2884224D22068FC
:109BE000494689B2405C3D2805D02068494689B283
:109BF000405C3F2800D117E02068494689B2405CAC
:109C000041280EDB2068494689B2405C5B2808DAAF
:109C10002068494689B2405C203021684A4692B2A9
:109C2000885419F10109D5E700273800C0B2492846
:109C300080F2A280DFF84C8121003800C0B2000120
:109C40004044083002F0BDF80600002E00F192807A
:109C50003800C0B2000140444068002800F08A800B
:109C60003800C0B2000140444068002808D14FF4D9
:109C70007A73A28821004448F9F741F901207CE079
:109C8000DFF808A15046F7F79BFD0020010089B2DC
:109C9000A288921B914223DA21683144020092B2D9
:109CA000895C3F290AD021683144020092B2895C64
:109CB0003D2903D0BAF80410802900DB10E02168A8
:109CC0003144020092B2895CDAF80020BAF804301C
:109CD000D154BAF80410491CAAF80410401CD5E766
:109CE0003900C9B209014144898916FA81F6B146A1
:109CF0004846A18880B2884226D22068494689B267
:109D0000405C0D280CD1484680B2A188491E88428B
:109D100006DA2068494689B2084440780A2813D0F8
:109D2000BDF8040080280CD22068494689B2405C06
:109D30000099BDF804208854BDF80400401CADF81B
:109D4000040019F10109D3E7114805702800C0B2D9
:109D5000401E012802D9801E09D009E00021684672
:109D60003A00D2B2120142445268904700E0FFE745
:109D7000012002E07F1C58E70020BDE8F68700BF05
:109D800020FB0008CC0600200C1F0020C406002089
:109D90009326002010B586B0DFF84840002201A9C4
:109DA000200001F069F800226946200001F0FDF86A
:109DB000DFF834009DF8061081709DF805104170A1
:109DC0009DF8041001709DF80010C1709DF80210FC
:109DD00001719DF8011041719DF80310817106B069
:109DE00010BD0000382500202C2600200100012095
:109DF000704770B50400474D474E3078A9788842C7
:109E000007D04648A97850F8210000F017F8A87844
:109E100030702100C9B24248F7F7A7FD012070BD9C
:109E200038B504003F4D2800F8F74CFE2800F7F73E
:109E3000C7FC012032BD01000120704710B50400AD
:109E400039483A4901604460002181600021C160C5
:109E5000002101610C214161002181610021C1616A
:109E60000021016200214162F9F70CF8002801D0BD
:109E7000FCF7A9FCFEF766FD10BD80B5F8F700FE03
:109E800026482449897850F82100FFF7D7FF01BD03
:109E900070B50020002400252800C0B2042836DA5E
:109EA0001F4E2800C0B200013044407801282CD158
:109EB000012004002800C0B200013044406800289E
:109EC0000ED0F7F72FFC2900C9B2090131444968C7
:109ED000401A2900C9B2090131448968884214D363
:109EE00000202900C9B2090131444870F7F71AFC73
:109EF0002900C9B20901314448602800C0B22900D4
:109F0000C9B209013144C96888476D1CC4E7200003
:109F1000C0B270BD1806002091260020EC0500207C
:109F200024060020740B0020FC1D00200038014096
:109F300010B502F039F802F0E1F802F04CF900F047
:109F400089FCDFF85C19DFF85C298A62DFF85809C0
:109F5000C86211F10803DFF85409836011F10C04A1
:109F600004624C1CC0F8F8400C1DC0F81041921C53
:109F7000C0F85821C0F8883111F12402C0F8A0219E
:109F800011F11004C0F8E84111F11404C0F8B8410F
:109F900011F11804C0F8004211F11C04C0F8D041BE
:109FA000C0F83032C0F848222031C0F86012DFF823
:109FB00000190968C0F8A812DFF8F8180968C0F895
:109FC000D81210BD38B5002000242000C0B20628E9
:109FD00035DADFF8E4582000C0B2000128444078A8
:109FE00001282AD12000C0B200012844406800287E
:109FF0000ED0F7F797FB2100C9B20901294449683F
:10A00000401A2100C9B2090129448968884214D341
:10A0100000202100C9B2090129444870F7F782FBEA
:10A020002100C9B20901294448602000C0B22100C2
:10A03000C9B209012944C9688847641CC5E70020E2
:10A0400032BD38B50400DFF874586878002817D19D
:10A0500001F0AAFF02F052F802F0BDF800F0FAFB9E
:10A0600089200090202307220521DFF8540802F000
:10A070000BF9012068700221DFF83C08F7F766FC55
:10A08000012032BD7CB50400DFF83858287800285C
:10A0900003D0022823D003D33DE002F03DFA3AE09A
:10A0A00002F02CF889200090202307220521DFF8F8
:10A0B000100802F0E9F8DFF8102801212C2002F046
:10A0C000FDF9DFF808280221082002F0F7F902F074
:10A0D00082F841F28830DFF8E01788611BE0012048
:10A0E000DFF8D81748708920009020230722052127
:10A0F000DFF8CC0702F0C8F8DFF8BC6702213000B7
:10A10000F7F724FC03213000F7F720FC042130008E
:10A11000F7F71CFCFFE72878401C28702100C9B223
:10A12000DFF89407F7F721FC012076BD70B5040035
:10A1300000F0A0F8DFF884576878012803D1A878E8
:10A1400000F0DFFA04E00021DFF86C07F7F7FEFB10
:10A15000DFF87C07A9780278914207D0A9780170CE
:10A16000DFF870070068DFF870170860A878092822
:10A1700012D1DFF864674FF4FA613068F7F7D8FA64
:10A18000012809D1DFF84C0700683060062215F17C
:10A190000801A81CF7F774FB2100C9B2DFF8180703
:10A1A000F7F7E3FB012070BD10B50400DFF82C17B2
:10A1B000DFF82C070069F7F7BBFA012827D1DFF891
:10A1C00024070178012905D1002101700020DFF862
:10A1D000EC168870DFF810070188491C018042F2F4
:10A1E0001071DFF8D4262300DBB21B011A449268F9
:10A1F000B1FBF2F102888A420DD300210180DFF821
:10A20000BC168878002806D00020887003E0012062
:10A21000DFF8D01608702100C9B2DFF89C06F7F706
:10A22000A4FB012010BD38B5040002F099F9DFF855
:10A23000B056287A012808D10521DFF87C06F7F707
:10A2400085FBDFF89006006828612100C9B2DFF8BD
:10A250006806F7F78AFB012032BD10B5040002F052
:10A2600065F9DFF87C0600210170002101720120F0
:10A2700010BD0000DFF83416DFF82406DFF86C2686
:10A28000836A1B7852F82320C1F84021DFF860264A
:10A29000C36A1B7852F82320C1F8E020DFF80816C3
:10A2A0004A784270DFF84C26897852F821104160D4
:10A2B000DFF8441691ED010ABDEEC00A80ED020AF6
:10A2C00091ED020ADFED160A20EE200ABDEEC00A6B
:10A2D00080ED030A91ED050ABDEEC00A80ED040A87
:10A2E00091ED040ABDEEC00A80ED050A91ED070A62
:10A2F000BDEEC00A80ED060A91ED060ABDEEC00A69
:10A3000080ED070A91ED030ABDEEC00A80ED080A50
:10A3100091ED000ABDEEC00A80ED090A7047000009
:10A320000000C8422DE9F84F8AB006002021002223
:10A3300002AC2000F7F788FB002400255FF0000A3C
:10A3400000208DF804001827DFF860853000C0B2C7
:10A350007843404490F815903000C0B278434044B0
:10A360004068002842D001213000C0B200F072F9EC
:10A3700000280ED13000C0B278434044426830001B
:10A38000C0B278434044017D4846C0B202F096F81E
:10A390001EE05FF0000B3000C0B2784340444068DC
:10A3A000F9F7AAFE5946C9B2814207D2202002A974
:10A3B0005A46D2B288541BF1010BECE702AA3000D6
:10A3C000C0B278434044017D4846C0B202F076F8FE
:10A3D0003000C0B2784340444068F9F78DFEDFF8A2
:10A3E0001C150979491C484310FA89F93000C0B29C
:10A3F000784340448068002800F003813000C0B2F8
:10A4000078434044007B00280BD002281ED012D392
:10A41000042830D024D3062844D036D307283ED091
:10A4200042E03000C0B278434044806800780021A8
:10A4300004000D0038E03000C0B27843404480682A
:10A4400090F90000C11704000D002DE03000C0B2EB
:10A450007843404480680088002104000D0023E018
:10A460003000C0B2784340448068B0F90000C117A2
:10A4700004000D0018E03000C0B27843404480680A
:10A480000068002104000D000EE03000C0B27843E7
:10A49000404480680068C11704000D0004E00120FA
:10A4A000824601E0022082465046C0B200280CD10C
:10A4B0003000C0B278434044407B40420200D2B2F8
:10A4C00002A92000F7F74CF926E05046C0B2012857
:10A4D0001AD13000C0B2784340448068F9F70CFECE
:10A4E000202819D23000C0B2784340448068F9F780
:10A4F00003FE020092B23000C0B27843404481684B
:10A5000002A8F7F7BDF907E03000C0B27843404435
:10A51000806800788DF8080002213000C0B200F099
:10A5200099F8012823D13000C0B278434044807D9F
:10A53000C0B200098DF804009DF804000F2805D072
:10A54000202002A99DF80420885410E05FF0000B41
:10A5500002A8F9F7D1FD5946C9B2814207D220209D
:10A5600002A95A46D2B288541BF1010BF0E7300021
:10A57000C0B2002829D1392000902E2315220F21A6
:10A58000DFF87C0303F00CF902AA3000C0B2784374
:10A590004044017D4846C0B203F0ACFA5A20009016
:10A5A000412311221121DFF85C0303F0F9F8A8A27E
:10A5B0000721642003F09EFA8920009020230722BF
:10A5C0000521BF4801F060FE11E0892000902023A2
:10A5D00007220521BA4801F057FE02AA3000C0B296
:10A5E00078434044017D4846C0B201F067FF02A8AD
:10A5F000F9F782FDC1490979491C484310FA89F0ED
:10A6000081463000C0B278434044006900281ED023
:10A610003000C0B2784340448068002817D0300032
:10A62000C0B2784340448068B74988420FD03000B8
:10A63000C0B27843404402693000C0B207FB00F763
:10A6400008EB0700017D4846C0B201F037FF0BB0B0
:10A65000BDE8F08FF8B504000D0094492200D2B295
:10A660001820424301EB0200817D2800C0B2014066
:10A670002800C0B2814230D18426A44F4FF4967195
:10A680002800C0B2704338442200D2B250F82200F1
:10A69000F7F74EF801282BD12800C0B206FB00F6D0
:10A6A00007EB06002100C9B28A4A126840F821204F
:10A6B00097492A00D2B2212042430A442300DBB248
:10A6C0002E00F6B22120464301EB06002100C9B25C
:10A6D000405CD0F10100D0540AE08D492A00D2B28A
:10A6E0002120424301EB02002100C9B20022425462
:10A6F0008749EDB22120454301EB0500E4B2005D3E
:10A70000F2BD70B50400002601F0F8FC2000C0B2D4
:10A7100000F06FF80025280080B2212811DA634983
:10A720002A0092B21820424301EB0200C07D2100B2
:10A73000C9B2884203D12800C0B2FFF7F3FD6D1CF7
:10A74000E9E701F048FD70BDF0B44271C4780379C7
:10A750002500EDB2AB420AD3F025544E2700FFB2DC
:10A7600018235F4306EB07039D75641CEFE718236E
:10A770004E4C85785D4325444679AE75002904D05A
:10A78000857803FB05F323449960F0BC70472DE9FD
:10A79000F84F0700884691469A460A9E0B9DDDF8C1
:10A7A00030B00D9C87F8008087F8019087F802A0F0
:10A7B000FE703D712200D2B259463800FFF7C4FF47
:10A7C000BDE8F18F10B4010000221000C0B20428CF
:10A7D0000CD21000C0B2085C4E4B1400E4B21B5DFA
:10A7E000984201D0002002E0521CEEE7012010BC8C
:10A7F00070470100C9B2082924D1294909780029E4
:10A8000006D002290ED008D3042915D00FD318E0A2
:10A810004149264AC2F8F01218E04049234AC2F8DA
:10A82000F01213E03E49214AC2F8F0120EE03D4911
:10A830001E4AC2F8F01209E03B491C4AC2F8F01265
:10A8400004E003E03449194AC2F8F01270470000EE
:10A850004D00000080B5A02001F06CFCAE2001F09E
:10A8600069FCC02001F066FCA12001F063FCA2207D
:10A8700001F060FC2F2001F05DFC212001F05AFC6A
:10A88000282001F06FFCAF2001F054FC01BD0168ED
:10A89000B1F1804F03D125490A68521C0A60704704
:10A8A000DC2400206026002018060020D8000020AC
:10A8B000880400206C0000200C00002004260020EA
:10A8C00000EC00088D260020C0F8000898F400086D
:10A8D0008E2600207426002050260020C027090064
:10A8E000982500208F26002084260020C800002004
:10A8F000D0000020EC0500205C250020142600205C
:10A90000D8E9000838E00008BC0B0020701C0020CB
:10A91000142200207400002078000020880000200D
:10A9200098000020A8000020B80000205426002035
:10A93000020000201168097830290CDB11680978C1
:10A940003A2908DA11684B1C13600A23097803FBC3
:10A9500000103038EEE770472DE9F04F91B0040059
:10A96000DDF868801B9D1C9EDFF8080307687006F1
:10A9700003D5DFF8040300680700022B01DB252B59
:10A9800001DB002088E0F00702D55FF0300C01E029
:10A990005FF0200C5FF0000EB00706D5002A04D54A
:10A9A0002D2086465242B8F101085FF00009002AC6
:10A9B00006D13020EA460AF8090019F1010910E031
:10A9C000002A0ED010009A46B0FBFAFB0AFB1B00CF
:10A9D000385CEA460AF8090019F10109B2FBF3F202
:10A9E000EEE74D4500DA4D46B8EB0508F0070DD40B
:10A9F0004046B0F10108012808DB20202070641CCB
:10AA0000491E002901D1200046E0F1E77046C0B29E
:10AA1000002807D084F800E0641C491E002901D1F9
:10AA2000200039E04046B0F10108012808DB84F835
:10AA300000C0641C491E002901D120002CE0F1E770
:10AA40002800451E814508DA30202070641C491E0C
:10AA5000002901D120001FE0F2E74846B0F10109CA
:10AA600001280ADB684610F809002070641C491EA2
:10AA7000002901D120000FE0EFE74046B0F10108C6
:10AA8000012808DB20202070641C491E002901D108
:10AA9000200001E0F1E7200011B0BDE8F08F2DE9C2
:10AAA000F74F88B005001E000998012801DA002040
:10AAB000DDE0AA460A980078002806D1BAEB050026
:10AAC0000999491E8842C0F2CC80BAEB0500099969
:10AAD000491E884280F2C5800A980078252806D051
:10AAE0000A9800788AF800001AF1010AB5E00020FF
:10AAF00080460A98401C0A900A980078302801D1B4
:10AB000058F001085FF0FF3BD9460A9800783028DA
:10AB100007DB0A9800783A2803DA0AA8FFF708FF4B
:10AB20008146CDF81CB0CDF818B00A2005900A98DF
:10AB30000078582843D063280AD0642844D0692874
:10AB400042D0732816D0752840D0782839D03EE0FE
:10AB5000B9F10109B9F1010F05DB20208AF80000E5
:10AB60001AF1010AF4E73068361D8AF800001AF17C
:10AB7000010A72E03068361D0400002C01D13F4804
:10AB800004002000F9F7B8FA04904846B0F1010932
:10AB90000499814205DA20208AF800001AF1010A9E
:10ABA000F3E7002007000498874207DA20788AF844
:10ABB0000000641C1AF1010A7F1CF4E74DE058F014
:10ABC00040081020059026E058F0020823E00A987B
:10ABD0000078252804D025208AF800001AF1010AFF
:10ABE000BAEB05000999491E884214DA0A980078E0
:10ABF000002806D00A9800788AF800001AF1010AA5
:10AC000002E00A98401E0A90BAEB05000999491E15
:10AC1000884200DA21E006986C2803D13068361D9E
:10AC2000039009E05FEA887003D53068361D039011
:10AC300002E03068361D0390CDF808800798019037
:10AC4000CDF80090059B039A0999491EBAEB0500BF
:10AC5000091A5046FFF780FE82460A98401C0A9067
:10AC600028E700208AF80000BAEB050528000BB0A1
:10AC7000BDE8F08F7C0B0020800B002028FB000833
:10AC800081B00B48016851F001010160006810F0CB
:10AC90000100009000980748016851F08051016060
:10ACA000006810F080500090009801B0704700BF1D
:10ACB000601002405810024070B504000125002CBD
:10ACC0005CD094F82100002805D1002084F82000F1
:10ACD0002000FEF785F9022084F821002068C06872
:10ACE000C00642D4CA2021684862532021684862C5
:10ACF000200000F02AFB06003000C0B200281AD164
:10AD000020688168DFF8E8060140206881602068DB
:10AD10008168626820690243A06902431143206888
:10AD20008160E0682168086120680069A16850EAD4
:10AD3000014021680861200000F02DFB050028007B
:10AD4000C0B200280DD12068C06C80088000216846
:10AD5000C8642068C16CE2696069024311432068DD
:10AD6000C164FF202168486201E00020050028003E
:10AD7000C0B2002802D1012084F821002800C0B20E
:10AD800070BD2DE9F04705000E00140095F8200075
:10AD9000012801D102206DE0012085F82000022069
:10ADA00085F82100CA202968486253202968486232
:10ADB000280000F0CAFA80464046C0B200284AD1B6
:10ADC000002C20D128688068400601D40020F07053
:10ADD000307800F01FFB8246707800F01BFB814644
:10ADE000B07800F017FB5FFA8AFA5FFA89F95FEA38
:10ADF000092959EA0A49C0B250EA0909F07859EA22
:10AE000080594F4610E028688068400601D4002031
:10AE1000F07030787178090251EA0041B07801434E
:10AE2000F07851EA80510F00DFF8C80538402968F2
:10AE300008602868806830F4802029688860286865
:10AE40008168F268306902431143286881602800F4
:10AE500000F0A1FA8046FF20296848624046C0B24F
:10AE6000002802D1012085F82100002085F820006B
:10AE70004046C0B2BDE8F087F8B505000E001400EA
:10AE80002868806A7060286800694004400CB060DF
:10AE900028680768DFF85C0507403800000C10F0F0
:10AEA0003F0030703800000A10F07F00707017F01B
:10AEB0007F00B0703800800D10F00100F070002CA1
:10AEC0000BD1307800F0B4FA3070707800F0B0FA3E
:10AED0007070B07800F0ACFAB0700020F2BD2DE9CF
:10AEE000F04105000E00140095F82000012801D162
:10AEF000022058E0012085F82000022085F821007A
:10AF0000002C07D17078C00604D5707810F0EF00DF
:10AF10000A307070002C16D1F07800F07BFA804671
:10AF2000707800F077FA0700B07800F073FA5FFAF3
:10AF300088F8FFB23F0257EA0847C0B207433078AB
:10AF400057EA403709E0F07877783F0257EA004740
:10AF5000B0780743307857EA4037CA2029684862FA
:10AF6000532029684862280000F0EFF980464046E7
:10AF7000C0B2002808D1DFF8800438402968486052
:10AF8000280000F008FA8046FF2029684862404601
:10AF9000C0B2002802D1012085F82100002085F8E8
:10AFA00020004046C0B2BDE8F081F8B505000E00B3
:10AFB000140028684768DFF8400407403800000C98
:10AFC000F0703800000A10F01F00707017F03F009A
:10AFD000B0703800400B10F007003070002C0BD11F
:10AFE000F07800F025FAF070707800F021FA7070B7
:10AFF000B07800F01DFAB0700020F2BD2DE9F843E2
:10B0000005000E00140095F82000012801D102204F
:10B01000E5E0012085F82000022085F82100002CC1
:10B020002DD128688068400601D40020F070306A75
:10B030000028FFD0307800F0EDF98046707800F0FD
:10B04000E9F90700B07800F0E5F9814696F82400A8
:10B0500000F0E0F95FFA88F8FFB23F0257EA0847CC
:10B060005FFA89F959EA0707F17857EA8157C0B2C0
:10B0700057EA0067306A07437069074317E028689A
:10B080008068400601D40020F070307877783F0265
:10B0900057EA0047B0780743F07857EA805796F8A8
:10B0A000240057EA0067306A074370690743D6F8FF
:10B0B0000480F06950EA0808CA20296848625320D1
:10B0C00029684862B06AB0F5807F39D12868806805
:10B0D00030F48070296888602868C06810F08000AB
:10B0E00070F4C0702968C860F6F71CFB81462868B8
:10B0F000C068C00712D4F6F715FBB0EB090040F2A8
:10B10000E9318842F3D3FF2029684862032085F89B
:10B110002100002085F82000032060E02868C76136
:10B120002868C0F844802868806850F480702968D6
:10B1300088602868806850F480502968886038E00A
:10B140002868806830F40070296888602868C068C2
:10B1500010F0800070F420702968C860F6F7E2FAF9
:10B1600081462868C068800712D4F6F7DBFAB0EB96
:10B17000090040F2E9318842F3D3FF202968486290
:10B18000032085F82100002085F82000032026E018
:10B19000286807622868C0F848802868806850F4EA
:10B1A0000070296888602868806850F40050296819
:10B1B0008860DFF84802016851F480210160DFF8FF
:10B1C0004002016851F480210160FF202968486233
:10B1D000012085F82100002085F820000020BDE82E
:10B1E000F28370B504000D0094F82000012801D10D
:10B1F000022062E0012084F82000022084F821006F
:10B20000CA2021684862532021684862B5F5807FD2
:10B2100024D12068806830F48070216888602068BC
:10B22000806830F4805021688860F6F77BFA060069
:10B230002068C068C00736D4F6F774FA801B40F265
:10B24000E9318842F4D3FF2021684862032084F862
:10B250002100002084F8200003202EE02068806870
:10B2600030F40070216888602068806830F40050F5
:10B2700021688860F6F756FA06002068C0688007E3
:10B2800011D4F6F74FFA801B40F2E9318842F4D32B
:10B29000FF2021684862032084F82100002084F800
:10B2A0002000032009E0FF2021684862012084F883
:10B2B0002100002084F82000002070BD10B504009B
:10B2C0005FF480204F49086020688068C0040ED574
:10B2D0002068C068C0050AD52068C06810F08000EA
:10B2E00070F4C0702168C860200002F0A9FC2068DA
:10B2F000806880040ED52068C06880050AD5206863
:10B30000C06810F0800070F420702168C8602000D0
:10B3100002F0E2FD012084F8210010BD38B50400E0
:10B3200039482168C860F6F7FDF905002068C06853
:10B33000800608D4F6F7F6F9401B40F2E93188425E
:10B34000F4D3032000E0002032BD70B504000026D5
:10B350002068C06840061BD45FF0FF302168C860D9
:10B36000F6F7E0F905002068C068400610D4300008
:10B37000C0B203280CD0F6F7D5F9401B40F2E931F2
:10B380008842F0D303200600032084F82100EAE776
:10B390003000C0B270BD70B5040000251B480168C4
:10B3A00031F0800101601A4E306880060AD4200016
:10B3B000FFF7B4FF002817D0032084F821000320F2
:10B3C000050011E0306830F0200030602000FFF709
:10B3D000A5FF002804D0032084F8210003200500E5
:10B3E000306850F0200030602800C0B270BD00000E
:10B3F000BFFF8FFF7F7F7F003FFFFF000004014002
:10B4000008040140140401405FFF03000C280040C1
:10B41000082800400100002208000300DBB20A2BCC
:10B4200002D3521C0A38F8E750EA0210C0B2704743
:10B430000100C9B209090A2211FB02F110F00F0044
:10B440004018C0B27047000010B50400002C01D1B4
:10B45000012074E0606A002806D16068B0F5827F40
:10B4600006D00020E06103E0002020610020606140
:10B470000020A06294F85D00002805D1002084F827
:10B480005C002000FDF702FE022084F85D002068C9
:10B49000006830F0400021680860E06840F2017107
:10B4A000884201D3002101E04FF48051E068B0F5FB
:10B4B000706F05D0E068B0F5E06F01D00020A062A9
:10B4C000606810F48270A26812F404421043227C77
:10B4D00012F002021043227D12F001021043A26911
:10B4E00012F400721043227F12F03802104394F8D5
:10B4F000202012F080021043A26A12F4005210437E
:10B5000022681060A269120C12F0040294F8240060
:10B5100010F01000024394F8340010F008000243C9
:10B52000E06810F47060024311F480500243206818
:10B53000426000202066012084F85D00002010BDDC
:10B540002DE9F84306000D0017001C00F6F7EAF895
:10B550008046B94696F85D00012801D00220ECE053
:10B56000002D03D0380080B2002801D10120E4E092
:10B5700096F85C00012801D10220DEE0012086F867
:10B580005C00032086F85D0000203066B563B78755
:10B59000F787002030640020A6F844000020A6F8B9
:10B5A0004600002030650020F064B068B0F5004F20
:10B5B0000BD13068006830F04000316808603068B6
:10B5C000006850F4804031680860306800684006C8
:10B5D00005D43068006850F0400031680860F068B9
:10B5E00040F20171884235D37068002803D0484684
:10B5F00080B2012809D1B06B00883168C860B06B97
:10B60000801CB063F08F401EF087F08F002873D04D
:10B610003068806880070AD5B06B00883168C860E0
:10B62000B06B801CB063F08F401EF087EDE7F6F73B
:10B6300079F8B0EB0800A04202D314F1010F01D158
:10B64000002CE2D1012086F85D00002086F85C0025
:10B65000032072E07068002803D0484680B20128B9
:10B6600017D1F08F02280AD3B06B00883168C86008
:10B67000B06B801CB063F08F801EF08709E0B06B68
:10B68000007831680873B06B401CB063F08F401EC7
:10B69000F087F08F00282FD030688068800718D599
:10B6A000F08F02280AD3B06B00883168C860B06B95
:10B6B000801CB063F08F801EF087EAE7B06B0078E3
:10B6C00031680873B06B401CB063F08F401EF08788
:10B6D000DFE7F6F727F8B0EB0800A04202D314F139
:10B6E000010F01D1002CD4D1012086F85D0000208B
:10B6F00086F85C00032020E042462100300000F084
:10B7000003F9002801D020203066B068002808D155
:10B71000002000903068C068009030688068009019
:10B720000098012086F85D00002086F85C00306EED
:10B73000002801D0012000E00020BDE8F2832DE9BF
:10B74000FC4705000E0017009846DDF82890F5F735
:10B75000E9FF0400B8EB040419EB0404F5F7E2FF79
:10B760008246684800684001000D00FB04F000902C
:10B77000286880683040B04201D1012000E00020FC
:10B780003900C9B2884243D018F1010FF0D0F5F763
:10B79000C9FFB0EB0A00A04201D2002C2FD12868CB
:10B7A000406830F0E000296848606868B0F5827F42
:10B7B0000DD1A868B0F5004F03D0A868B0F5806F30
:10B7C00005D12868006830F0400029680860A86A40
:10B7D000B0F5005F0BD12868006830F4005029688C
:10B7E00008602868006850F400502968086001204B
:10B7F00085F85D00002085F85C00032009E00098D2
:10B80000002801D1002004000098401E0090AFE7FE
:10B810000020BDE8F6872DE9FE4F06000F0014005A
:10B820009846DDF8309000208DF80000F5F77AFF9B
:10B830000500B8EB050519EB0505F5F773FF824622
:10B84000306810F10C0B2F48016823204143090D8B
:10B8500001FB05F10191306880683840A0424ED06C
:10B86000B7F5C06F07D1002C05D19BF800008DF80B
:10B8700000009DF8000018F1010FECD0F5F752FF21
:10B88000B0EB0A00A84201D2002D2FD130684068E9
:10B8900030F0E000316848607068B0F5827F0DD10B
:10B8A000B068B0F5004F03D0B068B0F5806F05D137
:10B8B0003068006830F0400031680860B06AB0F568
:10B8C000005F0BD13068006830F4005031680860C8
:10B8D0003068006850F4005031680860012086F834
:10B8E0005D00002086F85C00032009E00198002834
:10B8F00001D1002005000198401E0190ABE7002017
:10B90000BDE8FE8F140400207CB504000D00160075
:10B9100000962B0000224FF4C0512000FFF77BFF60
:10B92000002805D0206E50F02000206603201FE084
:10B9300000962B00002280212000FFF700FF002846
:10B9400005D0206E50F020002066032010E0009605
:10B950002B0000224FF4C0612000FFF75CFF00289D
:10B9600005D0206E50F020002066032000E000206B
:10B9700076BD000010B50400002C01D1012035E097
:10B9800094F83D00002805D1002084F83C002000F8
:10B99000FDF7F3FB022084F83D00211D206800F034
:10B9A0004DF9012084F84800012084F83E00012070
:10B9B00084F83F00012084F84000012084F8410011
:10B9C000012084F84200012084F84300012084F81B
:10B9D0004400012084F84500012084F8460001203D
:10B9E00084F84700012084F83D00002010BD70B5A8
:10B9F00004002068C56820680669B00718D5A80744
:10BA000016D57FF0020021680861012020772068A8
:10BA1000806910F0030F03D0200002F05EFA05E009
:10BA2000200002F05BFA200002F059FA0020207793
:10BA3000700718D5680716D57FF0040021680861E3
:10BA4000022020772068806910F4407F03D0200016
:10BA500002F043FA05E0200002F040FA200002F074
:10BA60003EFA00202077300718D5280716D57FF03A
:10BA7000080021680861042020772068C06910F060
:10BA8000030F03D0200002F028FA05E0200002F0A6
:10BA900025FA200002F023FA00202077F00618D5BE
:10BAA000E80616D57FF0100021680861082020778D
:10BAB0002068C06910F4407F03D0200002F00DFA26
:10BAC00005E0200002F00AFA200002F008FA002047
:10BAD0002077F00708D5E80706D57FF00100216838
:10BAE00008612000FEF7D3FE16F4025F08D0280696
:10BAF00006D57FF4025021680861200002F0F0F9B9
:10BB0000F00508D5280606D57FF480702168086105
:10BB1000200002F0E6F9700608D5680606D57FF029
:10BB2000400021680861200002F0DCF9B00608D569
:10BB3000A80606D57FF0200021680861200002F0E9
:10BB4000D2F970BDF8B504000D00002694F83C0051
:10BB5000012801D102206FE0012084F83C0002207E
:10BB600084F83D0020688768DFF85001074037F40B
:10BB70007F4720688760286800284ED010284CD066
:10BB800020284AD0302848D040283CD0502826D001
:10BB900060282ED0702807D0B0F5805F03D0B0F5B4
:10BBA000005F0FD03EE03FE0EB686A68A96820685C
:10BBB00000F0B9F82068806850F07700070020682E
:10BBC000876031E0EB686A68A968206800F0ABF82C
:10BBD0002068806850F480402168886024E0EA682A
:10BBE0006968206800F072F85021206800F093F82E
:10BBF0001AE0EA686968206800F07AF86021206835
:10BC000000F089F810E0EA686968206800F05EF8E2
:10BC10004021206800F07FF806E02968206800F0E5
:10BC20007AF801E001200600012084F83D000020A0
:10BC300084F83C003000C0B2F2BD000010B40368CC
:10BC4000DFF87C40A04202D0B0F1804F03D133F046
:10BC500070034A681343A0420AD0B0F1804F07D066
:10BC6000DFF86020904203D0DFF85C20904203D1DF
:10BC700033F44073CA68134333F080034A691343B3
:10BC800003608A68C2620A688262A04207D0DFF855
:10BC90003420904203D0DFF83020904201D10A696D
:10BCA0000263012242610269D20703D50269520888
:10BCB0005200026110BC70470000000088FFFEFFC8
:10BCC000002C0140004001400044014010B4046ACF
:10BCD000036A5B085B000362836933F0F00353EA95
:10BCE000021334F00A040C438361046210BC7047F1
:10BCF00010B4046A036A33F010030362836933F4F7
:10BD0000704353EA023334F0A00454EA011483610F
:10BD1000046210BC7047836833F0700351F007026F
:10BD200013438360704730B4846834F47F4452EA2C
:10BD3000010555EA03252C43846030BC70470000A0
:10BD400030B4020092F83C00012801D102202FE01B
:10BD5000012082F83C00022082F83D001068436810
:10BD600010688468134D1068A84203D133F470033F
:10BD70004868034333F07003086803431068436066
:10BD80001068A84207D01068B0F1804F03D0106847
:10BD9000094DA84205D134F0800488680443106836
:10BDA0008460012082F83D00002082F83C000020E1
:10BDB00030BC7047002C014000400140012002F0DF
:10BDC00093B82DE9FE4F04000D0000200026002747
:10BDD0000021ADF804105FF001085FF000095FF08A
:10BDE000000A21680978212901D101218A465FF0E2
:10BDF000000B584600B2A988884272DA2068514682
:10BE0000C9B2405C29685A4612B2895C884265D141
:10BE1000012080465046C0B2401C060000208146EA
:10BE20000020ADF80400300000B2A18888424ADA50
:10BE30002068310009B2405C7C281ED1BDF90400A5
:10BE4000002804D10120814616EB0B00070001A851
:10BE500000903B001BB22A002100701C00B200F0D1
:10BE600059F880464046C0B2012806D15146C9B2B1
:10BE7000584600B200F03DF839E04846C0B200280C
:10BE80000FD12068310009B2405C29685A4612B2CD
:10BE90001144320012B2895C884202D000208046F0
:10BEA00011E04846C0B2002801D1761CBBE7300043
:10BEB000BDF9041000B2884203DABDF9040006009F
:10BEC000B1E7761CAFE74046C0B2012806D1514623
:10BED000C9B2584600B200F00CF808E01BF1010BA3
:10BEE00087E75146C9B25FF0FF3000F002F8BDE8C5
:10BEF000FE8F02000800C0B2002802D1100000B27C
:10BF000007E0100000B2002802D45FF0FF3000E02C
:10BF100000207047F0B50400059D01200026370081
:10BF20003FB207FA84F7B1F804C067453ADA0F6800
:10BF3000A4460FFA8CFC6744B4460FFA8CFC17F841
:10BF40000C707C2F03D137192F8000B22BE097881B
:10BF5000B4460FFA8CFC0CFA83FC674506DAB2F99A
:10BF600004707F1C2F805FF0FF3738000F68A446F5
:10BF70000FFA8CFC6744B4460FFA8CFC17F80C706F
:10BF8000D2F800C09E460FFA8EFEF444B6460FFA71
:10BF90008EFE1CF80EC0674502D05FF0FF373800F8
:10BFA000761CBCE700B2F0BD80B5012240212048DC
:10BFB000F9F717F81F49204800F0B2F800F01CF814
:10BFC000012000F003F800F045F901BD704711B5FC
:10BFD00081B0174C002240212000F9F702F84FF4FD
:10BFE0007A73012201A91548FFF7AAFA012240211C
:10BFF0002000F8F7F6FF13BD10B50D4C00224021CC
:10C000002000F8F7EEFF00224FF480712000F8F7CF
:10C01000E8FF012000F014F801224FF480712000A5
:10C02000F8F7DFFF012240212000F8F7DAFF10BD0A
:10C0300000080048442600207014002078220020C8
:10C0400010B504002000F8F743F810BD70B40400E8
:10C05000E4B2802C01DB7F2420001400E4B2802CA9
:10C0600001DB7F2422000C00E4B2202C01DB1F2422
:10C0700021001C00E4B2202C01DB1F2423002B4CE8
:10C08000050026683678EDB2B54201D225682870E1
:10C090002568AD781600F6B2B54201D22568AA70BF
:10C0A0000D0026687678EDB2B54201D22568697038
:10C0B0002568ED781E00F6B2B54201D22468E3701F
:10C0C00070BC704719487F21026811700021026816
:10C0D00091701F210268517000210068C170704783
:10C0E00012480021026811707F21026891700021BE
:10C0F000026851701F210068C170704770B54FF41D
:10C10000007400250A4806682A0021003000F5F76F
:10C110009BFC1F237F2200210020FFF797FF70BDAB
:10C12000034A1060014A1160704700004C2600204D
:10C130004826002010B50400002280214248F8F76C
:10C1400050FF2000C0B2FFF742FF10BD10B5040041
:10C15000012280213C48F8F744FF2000C0B2FFF7DD
:10C1600036FF10BD10B504008120FFF7E3FF20006B
:10C17000C0B2402803DB3F20FFF7DCFF03E02000D4
:10C18000C0B2FFF7D7FF10BD10B5040014F00F00C8
:10C1900050F0B000C0B2FFF7CDFF10BD10B50400E5
:10C1A0002000C0B200F005F82000C0B200F00CF88A
:10C1B00010BD10B504002000C0B2000950F01000FE
:10C1C000C0B2FFF7B7FF10BD10B5040014F00F00A8
:10C1D000FFF7B0FF10BD70B500242000C0B21028DA
:10C1E0002EDA1A4D286840782100C9B2491CB0EBFC
:10C1F000C10F23DA2868C0782100C9B2B0EBC10FA3
:10C200001EDB2000C0B2FFF7BFFF28680078FFF7F1
:10C21000C5FF28680678286880783100C9B288424E
:10C220000CD30B4801682200D2B28020424352FA5C
:10C2300086F0085CFFF78AFF761CECE7641CCCE70D
:10C24000FFF740FF70BD0000000800484C260020AA
:10C250004826002080B5A020FFF76CFFAE20FFF736
:10C2600069FFC820FFF766FFA220FFF763FF2F20BA
:10C27000FFF760FF2120FFF75DFF2820FFF772FF27
:10C28000AF20FFF757FF01BD70B4039CDFF8805269
:10C29000286029716A71AB71EC7100262E7270BC36
:10C2A00070472DE9F84F04000D00160000275FF0DD
:10C2B0000008DFF85C9299F80500082880F2FC80FD
:10C2C000300099F80610C0B2884205D399F80700EB
:10C2D0003100C9B2884201D22E200600202099F8F0
:10C2E0000510491C90FBF1F02900C9B2814280F28F
:10C2F000E38099F8040050FA84F0802880F2DC8012
:10C3000099F805305B1C99F8050003FB05035B1CDD
:10C31000DBB299F804201219D2B299F80500401C3A
:10C3200015FB00F1C9B22000C0B2FFF78FFE00215B
:10C33000080099F80420C0B2904280F0BD8000202F
:10C3400015FB00F00200D2B2082392FBF3F21700B3
:10C35000C0B2082290FBF2F302FB13008046FF22DA
:10C360006C4BD3F800C03800C0B250FA85FE802074
:10C3700000FB0EFE5EFA84FED3F800A03800C0B2C7
:10C3800050FA85FB802000FB0BFB5BFA84F01AF867
:10C3900000A0D8F1080B100050FA0BF010EA0A0ABE
:10C3A0000CF80EA0D3F800C03800C0B250FA85FED9
:10C3B000802000FB0EFE5EFA84F00090D3F800E0CF
:10C3C0003800C0B250FA85FA802000FB0AFA5AFA07
:10C3D00084F01EF800E0D9F800A0B3465FFA8BFBAA
:10C3E00099F80600BBEB000099F804B00BFB00FBCA
:10C3F0000AEB0B008A465FFA8AFA10F80A0010FA74
:10C4000008F050EA0E00DDF800E00CF80E00D3F85A
:10C4100000C03800C0B250FA85FE802000FB0EFE3E
:10C420005EFA84F08444D3F800E03800C0B250FAD9
:10C4300085FA802000FB0AFA5AFA84F0704490F8DA
:10C44000800012FA08F202408CF880201A68380046
:10C45000C0B250FA85FC802000FB0CFC5CFA84F032
:10C4600002441B683800C0B250FA85FC802000FBF3
:10C470000CFC5CFA84F0184490F88030D9F800C0C5
:10C48000B6465FFA8EFE99F80600BEEB000E99F8EC
:10C49000040000FB0EFE0CEB0E008C465FFA8CFCD9
:10C4A00010F80C00D8F1080C50FA0CF0034382F895
:10C4B0008030641C491C3BE7BDE8F18FF8B50700EC
:10C4C0000C001600124D6879082820DA3078002810
:10C4D0001DD032782100C9B23800C0B2FFF7E1FEAA
:10C4E000761C2879401CC719287950FA87F0401C1F
:10C4F000812802DB00200700641C20206979491C88
:10C5000090FBF1F02100C9B28142DFDBFFE7F1BD12
:10C51000142600204826002080B5034801F054FD71
:10C52000FFF759FE01BD000014EE000880B5DFF8EA
:10C53000580B0078012806D0022807D0042808D01C
:10C54000082809D00BE000F089F808E000F066FC4C
:10C5500005E000F0A5FD02E000F0E6FEFFE701BD0A
:10C560002DE9F8430024DFF8205B287A002872D1F7
:10C57000DFF8186B40213000F8F728FD002801D1C2
:10C58000012700E0002720213000F8F71FFD0028D8
:10C5900002D15FF0010801E05FF0000810213000D7
:10C5A000F8F714FD002802D15FF0010901E05FF007
:10C5B000000908213000F8F709FD002801D1012009
:10C5C00000E0002057EA480757EA89073C0054EA90
:10C5D000C0042000C0B2012805D0022803D00428DE
:10C5E00001D008282DD16868401C68606868502810
:10C5F00026D32C7001202872DFF8940A21000278DB
:10C60000C9B2914215D1DFF88C1A0A68521C0A602F
:10C610000A68322A04D350226A6032220A600EE08D
:10C620000968322902D34E21696008E0002169605F
:10C6300005E0002169600021DFF8582A11600470CC
:10C6400009E00020DFF8481A087028206860002000
:10C65000DFF8401A08602878BDE8F283F8B52DEDC0
:10C66000028B84B0DFF8304AA078002813D001286C
:10C6700035D0022864D0032800F0C480042800F0DC
:10C680008E81052800F01482062800F09882082880
:10C6900000F0F882B9E3DFF8F0590020E860DFF835
:10C6A000FC690A2200213000F5F79CF83020307038
:10C6B000302070703020B0703020F070E8680001D9
:10C6C000801CC0B2039002960320019002200090CB
:10C6D000032300220121A01CFEF759F895E3DFF89F
:10C6E000A809C168491CC160C16804291EDBDFF8C4
:10C6F000AC09FEF767F8012815D1A51C0622290010
:10C7000014F10800F5F7BCF8F12003900020029026
:10C710000720019004200090042300220221280019
:10C72000FEF735F80BE00020A07008E0C0680001BB
:10C73000801C0200D2B20021A01CFEF705F864E3C1
:10C740002079042806D05CD306282FD018D30728D8
:10C7500042D056E0A51C0622290014F10800F5F786
:10C760008FF8F1200390002002900B200190092007
:10C7700000900923002203212800FEF708F840E07A
:10C78000A51C0622290014F10800F5F779F8F1201C
:10C790000390002002900E2001900D2000900D23A8
:10C7A000002204212800FDF7F2FF2AE0A51C062242
:10C7B000290014F10800F5F763F8F1200390002038
:10C7C00002901520019014200090142300220521CE
:10C7D0002800FDF7DCFF14E0A51C0622290014F157
:10C7E0000800F5F74DF800200390002002901C206F
:10C7F00001901C2000901C23002207212800FDF737
:10C80000C6FF02E32079092806D0C0F0C7800B28B4
:10C8100000F0858043D3C1E0E078002802D00128F1
:10C8200022D03BE0A71C0622390014F10800F5F7DE
:10C8300027F8DFF8545815F10C06F2200390029601
:10C840000B200190092000900923E278521CD2B2FB
:10C8500003213800FDF79BFFDFF8C00A0078E8608D
:10C86000DFF8BC0AC66219E0A51C0622290014F1F3
:10C870000800F5F705F8F0200390002002901F2033
:10C8800001901F2000901F23002208212800FDF79F
:10C890007EFF0120DFF8881A0870FFE77EE0E0786D
:10C8A000002802D001281FD038E0A61C0622310043
:10C8B00014F10800F4F7E4FFDFF8CC57F2200390FE
:10C8C00015F10C0002900B200190092000900A2322
:10C8D000E278521CD2B203213000FDF758FFDFF896
:10C8E000400A4078E86019E0A51C0622290014F1EE
:10C8F0000800F4F7C5FFF0200390002002901F20ED
:10C9000001901F2000901F23002208212800FDF71E
:10C910003EFF0120DFF8081A0870FFE73EE0E078EC
:10C92000002802D001281FD038E0A61C06223100C2
:10C9300014F10800F4F7A4FFDFF84C57F22003903D
:10C9400015F10C0002900B200190092000900B23A0
:10C95000E278521CD2B203213000FDF718FFDFF855
:10C96000C0094068E86019E0A51C0622290014F1FE
:10C970000800F4F785FFF0200390002002901F20AC
:10C9800001901F2000901F23002208212800FDF79E
:10C99000FEFE0120DFF888190870FFE735E22079F4
:10C9A0000D2802D00E2843D081E0E078002802D084
:10C9B000012822D03BE0A71C0622390014F1080010
:10C9C000F4F75EFFDFF8C05615F10C06F220039075
:10C9D00002960E2001900D2000900D23E278521C4B
:10C9E000D2B204213800FDF7D2FEDFF83809007812
:10C9F000E860DFF82C09866219E0A51C06222900F0
:10CA000014F10800F4F73CFFF0200390002002909E
:10CA10001F2001901F2000901F23002208212800C2
:10CA2000FDF7B5FE0120DFF8F8180870FFE73EE0DB
:10CA3000E078002802D001281FD038E0A61C06228A
:10CA4000310014F10800F4F71BFFDFF83C56F22028
:10CA5000039015F10C0002900E2001900D20009023
:10CA60000E23E278521CD2B204213000FDF78FFE73
:10CA7000DFF8B0084088E86019E0A51C062229000C
:10CA800014F10800F4F7FCFEF0200390002002905F
:10CA90001F2001901F2000901F2300220821280042
:10CAA000FDF775FE0120DFF878180870FFE7ACE1AC
:10CAB0002079142802D0152840D07FE0E0780028A3
:10CAC00002D001281FD038E0A61C0622310014F144
:10CAD0000800F4F7D5FEDFF8B055F220039015F109
:10CAE0000C00029015200190142000901423E2788D
:10CAF000521CD2B205213000FDF749FEDFF82008B4
:10CB00000069E86019E0A51C0622290014F108005C
:10CB1000F4F7B6FEF0200390002002901F20019051
:10CB20001F2000901F23002208212800FDF72FFE60
:10CB30000120DFF8EC170870FFE73FE0E0780028FD
:10CB400002D001281FD038E0A61C0622310014F1C3
:10CB50000800F4F795FEDFF83055F220039015F148
:10CB60000C00029015200190142000901523E2780B
:10CB7000521CD2B205213000FDF709FEDFF8A007F4
:10CB80008069E86019E0A51C0622290014F108005C
:10CB9000F4F776FEF0200390002002901F20019011
:10CBA0001F2000901F23002208212800FDF7EFFD21
:10CBB0000120DFF86C170870FFE7FFE725E1207917
:10CBC000012844D0192802D01A2840D059E0E07832
:10CBD000002802D001281FD038E0A61C0622310010
:10CBE00014F10800F4F74CFEDFF89C54F220039097
:10CBF00015F10C0002901A200190192000901923C1
:10CC0000E278521CD2B206213000FDF7C0FDDFF8F9
:10CC10001007006AE86019E0A51C0622290014F13B
:10CC20000800F4F72DFEF0200390002002901F2052
:10CC300001901F2000901F23002208212800FDF7EB
:10CC4000A6FD0120DFF8D8160870FFE719E0A51C43
:10CC50000622290014F10800F4F712FEF0200390D8
:10CC6000002002901F2001901F2000901F2300220F
:10CC700008212800FDF78BFD0120DFF8A4160870BD
:10CC8000FFE7C2E0207A032808D0C0F0BD80052865
:10CC900065D044D3062800F08180B5E00320DFF89A
:10CCA00080160870A07A092804D037D30B2817D033
:10CCB0000BD333E0DFF8640682784178DFF8C803ED
:10CCC000C068C0B2F5F7B4FE28E0DFF850068278FD
:10CCD000DFF8B413C968C9B20078F5F7A9FE1DE002
:10CCE00000200100C9B20B2910DADFF8701A020027
:10CCF000D2B251F82210DFF89023D268914203D1CA
:10CD0000DFF81816887001E0401CEAE7DFF80C062F
:10CD1000827841780078F5F78BFEFFE774E0032016
:10CD2000DFF8FC150870A07A0D2802D00E280AD072
:10CD300014E0DFF8F0054188DFF84C03C068C0B2AA
:10CD4000F3F78EFE0AE0DFF84003C068010089B205
:10CD5000DFF8D0050078F3F783FEFFE754E0032007
:10CD6000DFF8BC150870A07A142802D015280AD064
:10CD700013E0DFF8140390ED030AB8EEC00A0120B7
:10CD8000F3F71AFC09E0DFF8000390ED030AB8EEB0
:10CD9000C00A0220F3F710FCFFE735E00320DFF8BC
:10CDA00080150870A07A192802D01A280AD02AE023
:10CDB000DFF8D40290ED030AB8EEC00A0020F3F7C2
:10CDC000FBFB20E0DFF898090021C1609FED118A8C
:10CDD00080ED048A80ED058ADFED0F8AC0ED068ABA
:10CDE000C0ED078ADFF87C09F5F7B2F8DFF87809BB
:10CDF000F5F7AEF8DFF8740900210170C0ED028A82
:10CE000080ED018AFFE7FFE7FFE704B0BDEC028B8E
:10CE1000F1BD000000004842000061441FB59E4C77
:10CE2000A07800280CD002281AD00AD3042800F0D9
:10CE3000848022D3062800F0F280C0F0B78022E17F
:10CE400021E196489049CA68825C521CCB68C25462
:10CE5000CA68825C3A2A02DB3022C968425412E175
:10CE600060792179884202D22079401E2071F12216
:10CE70000021A01CFDF768FC05E1E07800280CD13A
:10CE800060792179884202D22079401E2071F122F6
:10CE90000021A01CFDF758FC4EE02079092804D0A1
:10CEA0004AD30B2824D012D346E0E078002802D0E1
:10CEB000012801D00AE009E07349C868002802D1BE
:10CEC0000120C86001E00020C860FFE734E0E0789E
:10CED000002802D0012801D009E008E06A48C168B2
:10CEE000B1F5807F02DAC168491CC160FFE723E029
:10CEF000E078002802D0012801D01DE01CE00021CC
:10CF00000800C0B20B2816DADFF850285E480B0084
:10CF1000DBB252F82330C468A3420AD10B00DBB263
:10CF20000A2B06DA0B00DBB202EB83025268C26006
:10CF300001E0491CE4E7FFE7A5E0E07800280CD118
:10CF400060792179884202D22079401E2071F12235
:10CF50000021A01CFDF7F8FB27E020790D2802D066
:10CF60000E2812D021E0E078002802D0012801D05C
:10CF70000AE009E04449C868002802D10120C860DD
:10CF800001E00020C860FFE70FE0E078002802D051
:10CF9000012801D009E008E03B48C168B1F5617F94
:10CFA00002DAC168491CC160FFE76CE0E078002844
:10CFB0000CD160792179884202D22079401E2071FB
:10CFC000F1220021A01CFDF7BFFB27E020791428E7
:10CFD00002D0152811D021E0E078002802D00128E5
:10CFE00001D009E008E02848C168B1F5617F02DAA4
:10CFF000C168491CC160FFE710E0E078002802D05A
:10D00000012801D009E008E01F48C168B1F5617F3F
:10D0100002DAC168491CC160FFE7FFE733E0E0784E
:10D0200000281BD160792179884208D22079401EDE
:10D030002071F1220021A01CFDF786FB22E0F120E7
:10D0400003900020029015200190142000901523D9
:10D0500000220521A01CFDF79AFB13E02079192876
:10D0600002D01A280DD00DE0E078002802D0012867
:10D0700001D005E004E00448C168491CC160FFE735
:10D0800000E0FFE7FFE71FBD9825002000040048EF
:10D090008C260020402600200426002000000020CE
:10D0A0001FB5DFF8CC46A07800280CD002281CD091
:10D0B0000AD3042800F0898024D3062800F00781D1
:10D0C000C0F0BD8029E128E1DFF8A806DFF8A81646
:10D0D000CA68825C521ECB68C254CA68825C302A1D
:10D0E00002DA3922C968425417E12079A1798842CD
:10D0F00002D22079401C2071F1220021A01CFDF7F2
:10D1000023FB0AE1E07800280CD12079A17988423C
:10D1100002D22079401C2071F1220021A01CFDF7D1
:10D1200013FB51E02079092804D04DD30B2825D0DA
:10D1300013D349E0E078002802D0012801D00BE0A9
:10D140000AE0DFF83416C868002802D10120C86060
:10D1500001E00020C860FFE736E0E078002802D058
:10D16000012801D009E008E0DFF80C06C1680129B8
:10D1700002DBC168491EC160FFE725E0E0780028B6
:10D1800002D0012801D01FE01EE00A221000C0B228
:10D19000002818D0DFF8C435DFF8DC151000C0B265
:10D1A00053F82000CC68A0420BD11000C0B2002878
:10D1B00007D01000C0B203EB800050F8040CC86028
:10D1C00001E0521EE2E7FFE7A7E0E07800280CD17B
:10D1D0002079A179884202D22079401C2071F12265
:10D1E0000021A01CFDF7B0FA28E020790D2802D01C
:10D1F0000E2813D022E0E078002802D0012801D0C8
:10D200000BE00AE0DFF87015C868002802D10120A1
:10D21000C86001E00020C860FFE70FE0E078002868
:10D2200002D0012801D009E008E0DFF84C05C16810
:10D23000332902DBC168491EC160FFE76DE0E07879
:10D2400000281BD12079A17988420ED1F1200390CA
:10D25000002002901A20019019200090192300222A
:10D260000621A01CFDF793FA30E02079401C2071C4
:10D27000F1220021A01CFDF767FA27E0207914288D
:10D2800002D0152811D021E0E078002802D0012832
:10D2900001D009E008E0DFF8E004C168332902DBCF
:10D2A000C168491EC160FFE710E0E078002802D0A5
:10D2B000012801D009E008E0DFF8BC04C168332987
:10D2C00002DBC168491EC160FFE7FFE725E0E078A7
:10D2D00000280CD12079A179884202D22079401C03
:10D2E0002071F1220021A01CFDF72EFA14E0207914
:10D2F000192802D01A280ED00EE0E078002802D0BB
:10D30000012801D006E005E0DFF86C04C168491E81
:10D31000C160FFE700E0FFE7FFE71FBD1806002040
:10D32000DC240020602600207FB5DFF84444A0788C
:10D33000002811D0022813D00FD3042800F0C38096
:10D3400011D3062800F0A381C0F03081082800F036
:10D35000F781C0F0EE8100E2FFE10020A070FCE167
:10D360000020A070F9E12079092805D0C0F0AA803A
:10D370000B2872D03BD3A5E0E078002802D001282A
:10D3800016D033E0A51CF120039000200290072066
:10D390000190042000900423002202212800FDF7C0
:10D3A000F6F90622290014F10800F4F769FA1DE0E5
:10D3B000A51C0622290014F10800F4F761FAF120F7
:10D3C0000390DFF8B80302900B2001900920009031
:10D3D0000923E078421ED2B203212800FDF7D7F9D5
:10D3E000DFF89C03DFF89C13C862FFE76AE0E0788F
:10D3F000002802D0012816D02EE0A51CF1200390B1
:10D4000000200290072001900420009004230022B5
:10D4100002212800FDF7BBF90622290014F10800BB
:10D42000F4F72EFA18E0A51C0622290014F10800D2
:10D43000F4F726FAF1200390DFF84C0302900B205A
:10D440000190092000900A23E078421ED2B2032105
:10D450002800FDF79CF9FFE734E0E078002802D0CF
:10D46000012816D02DE0A51CF12003900020029089
:10D4700007200190042000900423002202212800AC
:10D48000FDF785F90622290014F10800F4F7F8F9F0
:10D4900017E0A51C0622290014F10800F4F7F0F9A2
:10D4A000F1200390B94802900B20019009200090D0
:10D4B0000B23E078421ED2B203212800FDF767F962
:10D4C000FFE7FFE749E120790D2802D00E2837D089
:10D4D0006BE0E078002802D0012816D02FE0A51CD0
:10D4E000F12003900020029007200190042000907A
:10D4F0000523002202212800FDF749F90622290010
:10D5000014F10800F4F7BCF919E0A51C0622290063
:10D5100014F10800F4F7B4F9984EF1200390029644
:10D520000E2001900D2000900D23E078421ED2B213
:10D5300004212800FDF72BF992488662FFE734E0CA
:10D54000E078002802D0012816D02DE0A51CF1209B
:10D5500003900020029007200190042000900523F2
:10D56000002202212800FDF712F90622290014F1F9
:10D570000800F4F785F917E0A51C0622290014F12C
:10D580000800F4F77DF9F1200390814802900E2005
:10D5900001900D2000900E23E078421ED2B20421AB
:10D5A0002800FDF7F4F8FFE7FFE7D6E0207914281C
:10D5B00002D0152835D069E0E078002802D0012893
:10D5C00016D02DE0A51CF12003900020029007202A
:10D5D0000190042000900623002202212800FDF77C
:10D5E000D6F80622290014F10800F4F749F917E0EB
:10D5F000A51C0622290014F10800F4F741F9F120D6
:10D600000390644802901520019014200090142388
:10D61000E078421ED2B205212800FDF7B8F8FFE7F6
:10D6200034E0E078002802D0012816D02DE0A51CB7
:10D63000F120039000200290072001900420009028
:10D640000623002202212800FDF7A1F80622290066
:10D6500014F10800F4F714F917E0A51C06222900BC
:10D6600014F10800F4F70CF9F12003904A480290F5
:10D6700015200190142000901523E078421ED2B2AC
:10D6800005212800FDF783F8FFE7FFE765E0207933
:10D69000192802D01A2835D04AE0E078002802D0B4
:10D6A000012816D02DE0A51CF12003900020029047
:10D6B0000720019004200090062300220221280068
:10D6C000FDF765F80622290014F10800F4F7D8F8F0
:10D6D00017E0A51C0622290014F10800F4F7D0F881
:10D6E000F12003902D4802901A20019019200090FB
:10D6F0001923E078421ED2B206212800FDF747F830
:10D70000FFE715E0A51CF120039000200290072000
:10D710000190042000900623002202212800FDF73A
:10D7200036F80622290014F10800F4F7A9F8FFE7FB
:10D7300013E0062214F10801A01CF4F7A1F80CE094
:10D74000104D2878022807D0062214F10801A01CE9
:10D75000F4F796F800202870FFE77FBDEC05002065
:10D760005C25002000100208000802082026002086
:10D7700004260020000000209825002060260020BC
:10D7800018060020DC240020DD240020E0240020F6
:10D7900062260020EC240020F4240020FC24002039
:10D7A00070B4039CDFF88453286029716A71AB71EF
:10D7B000EC7101262E7270BC70472DE9F74F040002
:10D7C0000D00DFF868639DF80800B179884204D342
:10D7D000F0799DF80810884202D22E208DF80800BA
:10D7E000307A002845D1002738003179C0B288420C
:10D7F0003DD231689DF80820B079121A3079424341
:10D8000001EB02003900C9B210F8019000208046F7
:10D810004046C0B2082828DA3800C0B250FA84F076
:10D82000802805DA4046C0B250FA85F0202801DB96
:10D8300000205DE1012010FA08F04946C9B201421A
:10D8400008D0012218EB0501C9B23819C0B200F0A6
:10D8500055FB07E0002218EB0501C9B23819C0B228
:10D8600000F04CFB18F10108D2E77F1CBCE73079CF
:10D870003EE1307A012840F08E807079082190FBDB
:10D88000F1F201FB1200012806DB7079082190FB00
:10D89000F1FB1BF1010B03E07079082190FBF1FB18
:10D8A00031795846C0B24143491C8DF801103168A6
:10D8B0009DF80820B079121A9DF80100424301EB4F
:10D8C000020001788DF80010401C01905FF0000804
:10D8D00040469DF80010C0B2884259D25FF000095E
:10D8E00048465946C0B2C9B288424ED20199424612
:10D8F000D2B25846C0B2424301EB02004946C9B217
:10D9000010F801A0002007003800C0B2082839DA5A
:10D910004046C0B250FA84F0802808DA4846C0B2C7
:10D92000C00050FA85F050FA87F0202801DB002073
:10D93000DEE04846C0B2C00050FA87F071798842F4
:10D940001EDA0121B9405046C0B208420CD0012273
:10D950005FFA89F915EBC9017918C9B218EB04000F
:10D96000C0B200F0CBFA0BE000225FFA89F915EBA8
:10D97000C9017918C9B218EB0400C0B200F0BEFAB0
:10D980007F1CC1E719F10109AAE718F101089FE717
:10D990009DF80000ACE0307A022840F0A880707951
:10D9A000082190FBF1F0401C8DF8000030799DF8C3
:10D9B000001010FB01F08DF8020031689DF808207E
:10D9C000B079121A9DF80200424301EB0200019067
:10D9D00096F804B000208DF80100002100200022FC
:10D9E00010009DF80030C0B298420CD23079431E2E
:10D9F0009DF801001B1A13FB02F0019BC0B2185CDA
:10DA00000100521CECE70800C0B200280BD1BBF1AA
:10DA1000010B5846C0B2002805D09DF80100401CFB
:10DA20008DF80100D9E7002738009DF80010C0B23A
:10DA3000884259D25FF0000840465946C0B2C9B288
:10DA400088424FD201993A00D2B23079424301EB79
:10DA500002004146C9B210F801905FF0000A50463A
:10DA6000C0B208283BDA4046C0B250FA84F08028A1
:10DA700008DA3800C0B2C00050FA85F050FA8AF0D7
:10DA8000202801DB002033E03800C0B2C00050FA8B
:10DA90008AF0717988421FDA012111FA0AF14846A9
:10DAA000C0B208420CD00122FFB215EBC7011AEB3D
:10DAB0000101C9B218EB0400C0B200F01FFA0BE07C
:10DAC0000022FFB215EBC7011AEB0101C9B218EB36
:10DAD0000400C0B200F012FA1AF1010ABFE718F10F
:10DAE0000108A9E77F1C9FE75846C0B200E000206C
:10DAF000BDE8FE8FF8B504000F0015000B48407913
:10DB0000D0F11F003900C9B288420EDB2878002806
:10DB10000BD02A783900C9B22000C0B2FFF74DFE01
:10DB20000600701C04196D1CF0E7F1BD14260020DE
:10DB300080B5DFF87003DFF87013016000214160E9
:10DB40001F21816040F2FF31C1600021016100218D
:10DB50004161002181610021C161FDF7ADF800281C
:10DB600001D0F8F730FE01BD38B5DFF8404320782A
:10DB700000280FD1FFF7DCFFDFF828534FF4807146
:10DB80002800FDF72EFB280000F032FA00F01CF808
:10DB900001202070002032BD10B50400200000F0EC
:10DBA00055F8002010BD80B5DFF8F8020168C9689B
:10DBB00011F0800171F4C0710268D1604FF480717E
:10DBC000FDF70FFB002002BD10B5DFF8E442211D78
:10DBD00014F1180000F01DF92060206810BDDFF876
:10DBE000D0020068704780B586B001A9684600F091
:10DBF00010F9AF490968401A07B000BD10B586B0EA
:10DC00000024AA480078012804D101A9684600F040
:10DC100000F90400200006B010BD0320704700B5D5
:10DC20008021A1FB00017D220023F6F749FC00BD05
:10DC30007D21A1FB0001C00940EA4160C90970478C
:10DC400010B504009B480068804710BD2DE9F04FD7
:10DC500099B004004021002209AD2800F3F7F4FE3A
:10DC60005FF000085FF0000A002600275FF0000B5D
:10DC70008F4D04A8291D1422F6F752F9A8690390C4
:10DC8000FFF791FF40F2FF30059D451B2000800506
:10DC9000800D4519A40A9DF80E908748844204D34C
:10DCA0008648041919F10109F7E79DF81080B4F5C9
:10DCB000616F04D3B4F5616418F10108F7E79DF8CA
:10DCC00011703C2C02D33C3C7F1CFAE79DF81200FB
:10DCD000210051FA80F6280080B2B0F5806F03DB96
:10DCE000B5F58065761CF6E7300080B23C2802D39B
:10DCF0003C3E7F1CF8E7380080B23C2803D33C3F11
:10DD000018F10108F7E7404680B2182804D3B8F1AB
:10DD1000180819F10109F6E79DF80F00042190FB9E
:10DD2000F1F201FB1200002817D165499DF80D00A2
:10DD3000084410F8010C4A4680B292B2904223D2B5
:10DD40001FFA89F948469DF80D20114411F8011C6D
:10DD500090FBF1F901FB190916E05A499DF80D00F5
:10DD6000084410F8010C4A4680B292B290420BD29D
:10DD70001FFA89F948469DF80D20114411F8011C3D
:10DD800090FBF1F901FB1909DFF83CA140F2FF31EA
:10DD9000280080B2091ACAF804105FF02060CAF89F
:10DDA0001C008AF802608AF801708AF800808AF8FC
:10DDB00024909DF813008AF803000020CAF8200080
:10DDC0005FF00040CAF814004FF48070CAF82800D1
:10DDD0000020CAF80C000020CAF8100000225146AA
:10DDE0003048FDF70BF9002810D0DAF80400029053
:10DDF0009AF8020001909AF8010000909AF8003019
:10DE00009AF82420314909A8F6F73AFB19B0BDE881
:10DE1000F08FF8B504000D000026224F00222100EB
:10DE20003800FDF7C2F8002229003800FDF724F879
:10DE3000E17840F2B5504143C91C8908E0780422DA
:10DE400090FBF2F302FB1300002801D1204A00E00E
:10DE5000204A63783D2043433C3B022093FBF0F093
:10DE600041186078401EC0B240001300C34013F058
:10DE70000303C91AA078401E41180F484143AB78EC
:10DE80006E783C204643F3182E784FF4616000FB17
:10DE900006335918890201F2FF316868091A08002F
:10DEA000F2BD000038250020002800409826002000
:10DEB0007C2500206C2600208051010080AEFEFFF2
:10DEC00040FA000834FA00080C250020A8F30008E6
:10DED00050554400A0AA990070477047704770479A
:10DEE000704770477047704780B5AFF30080024AB3
:10DEF00011001820ABBEFBE726000200F8B50400B5
:10DF00000D0016002000C0B2802803DA2800C0B23D
:10DF1000202800DB57E03000C0B2002824D02900C0
:10DF2000C9B20822DFF8C0302800C0B2082790FB31
:10DF3000F7F78020474357FA84F72800C0B25FF014
:10DF4000080C90FBFCFC802000FB0CFC5CFA84F0CD
:10DF5000185C5FF0010C91FBF2FE02FB1E111CFA33
:10DF600001F10143D95524E02900C9B20822DFF8A4
:10DF700078302800C0B2082790FBF7F7802047438D
:10DF800057FA84F72800C0B25FF0080C90FBFCFC45
:10DF9000802000FB0CFC5CFA84F0185C5FF0010C44
:10DFA00091FBF2FE02FB1E111CFA01F130EA0101A5
:10DFB000D9552B00DBB22200D2B22900C9B2200011
:10DFC000C0B2FEF743F8F1BDF8B504004FF4007598
:10DFD0002600064807682A0031003800F5F790FF50
:10DFE000FEF77EF8F1BD00007014002048260020E6
:10DFF000010091F82000012801D102201BE001203E
:10E0000081F82000022081F82100CA200A685062AD
:10E0100053200A6850620868806850F020000A683F
:10E020009060FF200A685062012081F821000020E2
:10E0300081F82000002070470D001000001E00C075
:10E040001F00F80F00FF03001F03000303001F035E
:10E0500000FF0300F80F00C01F00001E00001000AA
:10E060000000000000000000000000000D000000A3
:10E07000FF1F00FF1F00FF1F0063180063180063ED
:10E080001800631800631800FF1C00FE1F00DE0F5D
:10E0900000800700000000000000000000000000F9
:10E0A0000D000000F80100FC0700FE0F000F0E003D
:10E0B000031800031800031800031800071C000EC3
:10E0C0000E000E0E0004040000000000000000001E
:10E0D000000000000D000000FF1F00FF1F00FF1FD9
:10E0E00000031800031800031800031800071C00A1
:10E0F0000E0E00FE0F00FC0700F001000000000003
:10E1000000000000000000000C000000FF1F00FFE6
:10E110001F00FF1F006318006318006318006318D6
:10E120000063180063180063180003180000000063
:10E130000000000000000000000000000B000000D4
:10E14000FF1F00FF1F00FF1F00630000630000634C
:10E150000000630000630000630000630000000033
:10E1600000000000000000000000000000000000AF
:10E170000E000000F00100FC0700FE0F000E0E0074
:10E18000071C00031800031800C31800C31800C7B9
:10E190001C00CE0F00CE0F00C407000000000000DE
:10E1A000000000000C000000FF1F00FF1F00FF1F09
:10E1B000006000006000006000006000006000007F
:10E1C000FF1F00FF1F00FF1F0000000000000000F5
:10E1D000000000000000000004000000FF1F00FF1E
:10E1E0001F00FF1F000000000000000000000000F2
:10E1F000000000000000000000000000000000001F
:10E200000000000000000000000000000A000600FE
:10E21000000E00001E00001C00031800031800037D
:10E220001C00FF1F00FF0F00FF07000000000000A0
:10E2300000000000000000000000000000000000DE
:10E240000E000000FF1F00FF1F00FF1F00E0000086
:10E25000600000700000F80100DC03008E0700077A
:10E260000E00031C00011800011000000000000057
:10E27000000000000B000000FF1F00FF1F00FF1F39
:10E280000000180000180000180000180000180016
:10E29000001800001800000000000000000000004E
:10E2A000000000000000000010000000FF1F00FF41
:10E2B0001F00FF1F000F00007E0000F00300801F02
:10E2C00000001C00801F00F003007E00000F000013
:10E2D000FF1F00FF1F00FF1F000000000C000000D8
:10E2E000FF1F00FF1F00FF1F001F00007C0000F049
:10E2F0000100C00700001E00FF1F00FF1F00FF1FDE
:10E30000000000000000000000000000000000000D
:10E310000E000000F00100FC0700FE0F000E0E00D2
:10E32000071C00031800031800031800071C000E48
:10E330000E00FE0F00FC0700F001000000000000CE
:10E34000000000000C000000FF1F00FF1F00FF1F67
:10E3500000630000630000630000630000630000CE
:10E360007F00003E00001C000000000000000000D4
:10E3700000000000000000000E000000F00300FCA0
:10E380000700FE0F000E1E00071C0003380003F8F4
:10E390000003F80107DC010E9E01FE8F01FC8701DE
:10E3A000F001000000000000000000000D0000006F
:10E3B000FF1F00FF1F00FF1F0063000063000063DA
:10E3C0000000E30000E30300BF0F003E1F001C1C21
:10E3D000000010000000000000000000000000002D
:10E3E0000C0000000006001C0E003E0E007F1C000A
:10E3F000731800631800E31800E71800CF1F00CE61
:10E400000F008C070000000000000000000000006A
:10E41000000000000C0000000300000300000300E7
:10E4200000030000FF1F00FF1F00FF1F000300008C
:10E4300003000003000003000000000000000000D3
:10E4400000000000000000000C000000FF0300FFBF
:10E450000F00FF0F00001C0000180000180000183B
:10E4600000001C00FF0F00FF0F00FF030000000072
:10E470000000000000000000000000000D0300008C
:10E480000F00007F0000FC0100E00700001F0000FB
:10E490001800001F00E00F00F801007F00000F00CF
:10E4A0000003000000000000000000000000000069
:10E4B000110700007F0000FF0700F01F00001E0092
:10E4C000C01F00FC0F00FF0000070000FF0000FC61
:10E4D0000F00C01F00001E00F01F00FF07007F009C
:10E4E000000700000D011000031800071C001E0F9C
:10E4F00000BC0700F00100E00000F00100BC0700D4
:10E500001E0F000F1E000318000110000000000085
:10E5100000000000000000000C00000001000007E7
:10E5200000001F00007C0000F01F00C01F00F01F53
:10E53000007C00001F000007000001000000000038
:10E540000000000000000000000000000A000000C1
:10E55000031C00031E00831F00C31B00F319007B74
:10E5600018003F18000F18000718000000000000F6
:10E57000000000000000000000000000000000009B
:10E58000494420536C6176653A2000000000000089
:10E59000000000000000000000000000000000007B
:10E5A000000000000000000000000000000000006B
:10E5B0000000000000000000000000000000F0BFAC
:10E5C000000000000000008000000000000000804B
:10E5D0000000000000000000000000C05294EEBFE8
:10E5E00000000048204E51BE000000F86467BCBC2B
:10E5F0000000000000000000000000208133EDBF9B
:10E6000000000080B3DB14BE000000506706A3BC0E
:10E610000000000000000000000000D0E9DCEBBFBB
:10E6200000000008C39259BE00000080B0D3B8BCFF
:10E63000000000000000000000000070F98FEABF39
:10E64000000000C0A51028BE000000E8BFC0B0BC9C
:10E65000000000000000000000000070284CE9BF2E
:10E6600000000060134B42BE000000C03D20B8BC5B
:10E67000000000000000000000000050FA10E8BF99
:10E68000000000C05FF62BBE000000905C71A7BCCC
:10E69000000000000000000000000020FCDDE6BFDC
:10E6A000000000C0F8F154BE00000018E9F6B9BC43
:10E6B0000000000000000000000000D0C3B2E5BF71
:10E6C00000000070E43254BE00000050DB06B4BC11
:10E6D000000000000000000000000010EF8EE4BF0A
:10E6E00000000020F36252BE000000C02A879ABCDE
:10E6F0000000000000000000000000B02272E3BF34
:10E70000000000F0E8E056BE00000028352DBDBC3A
:10E710000000000000000000000000000A5CE2BFF2
:10E72000000000B0FA8E41BE00000040AE6FBDBCDC
:10E73000000000000000000000000000564CE1BF97
:10E74000000000F015CD5FBE00000000141C90BC5E
:10E75000000000000000000000000040BD42E0BFDB
:10E7600000000030F93457BE000000E06C1E93BC7E
:10E770000000000000000000000000E0F57DDEBFAA
:10E78000000000B08A535EBE00000080DA77AABCA9
:10E790000000000000000000000000C09D81DCBF00
:10E7A00000000000FFA226BE0000006057E2B0BCDF
:10E7B000000000000000000000000060F98FDABFD8
:10E7C000000000580A8151BE000000F05F60B8BC34
:10E7D00000000000000000000000000098A8D8BF62
:10E7E000000000607A7F45BE000000D05433A3BC17
:10E7F0000000000000000000000000600FCBD6BF4A
:10E80000000000D091CB40BE000000406D1BA0BCBA
:10E810000000000000000000000000A0FBF6D4BFD4
:10E8200000000098C5CE52BE000000003A397EBC00
:10E830000000000000000000000000E0FE2BD3BF3D
:10E840000000004073872BBE00000000926879BC76
:10E85000000000000000000000000040C069D1BFBF
:10E8600000000058F16353BE00000080438D7CBC63
:10E87000000000000000000000000080D85FCFBF53
:10E88000000000181F8354BE000000B03F42A2BC2D
:10E8900000000000000000000000008067FCCBBF0B
:10E8A00000000060FAFF53BE00000050E00DB8BC4D
:10E8B00000000000000000000000000098A8C8BF91
:10E8C000000000607A7F35BE000000C0543393BC66
:10E8D000000000000000000000000000DC63C5BF75
:10E8E00000000058D6FF54BE00000000396490BC00
:10E8F0000000000000000000000000C0AD2DC2BFFD
:10E9000000000080A45915BE000000E0484BABBCDD
:10E910000000000000000000000000801A0BBEBFD5
:10E9200000000050BF3C5ABE000000A0B364B6BC5B
:10E9300000000000000000000000008004D6B7BF07
:10E9400000000040BBCF36BE0000008076CEA8BCE1
:10E9500000000000000000000000008032BBB1BFDA
:10E96000000000402A0043BE00000028C60CBDBCC9
:10E970000000000000000000000000009473A7BF2A
:10E98000000000182B3B59BE000000C0E55DA5BC8F
:10E99000000000000000000000000000EE4397BFF0
:10E9A000000000A0E6C340BE00000020958DB5BC6D
:10E9B00000000000000000000000000000000080D7
:10E9C0000000000000000080000000000000008047
:10E9D0000000000000000000060000000000000031
:10E9E000000F00000F00000F00000F0000000000EB
:10E9F0000000000000000000000000000000000017
:10EA00000000000000000700001E00E01F00FF1FC4
:10EA1000F8FF03FF1F00FF01000F000000000000CF
:10EA200000000000000000000000000000000000E6
:10EA3000000000000E000000C07F00F8FF01FCFF96
:10EA400007FCFF073E800F0E000E0E000E0E000E9C
:10EA50001E800FFCFF07FCFF07F8FF01C07F0000CE
:10EA600000000E00000070000E38000E38000E1C72
:10EA7000000E0E000EFEFF0FFEFF0FFEFF0FFEFF4B
:10EA80000F00000E00000E00000E00000E0000003F
:10EA90000E00000060000F78800F7CC00F7CE00F3C
:10EAA0001EF00F0EF80E0E7C0E0E3E0E1E1F0EFEFA
:10EAB0000F0EFC070EF8030EF0010E0000000E0012
:10EAC00000003080013880033C80073C800F1E002E
:10EAD0000F0E0E0E0E0E0E0E0E0E1E1F0FFEFF0F51
:10EAE000FCFB07FCF903F0E0010000000F00000050
:10EAF00000F00000F80000FE0080EF00C0E700F02A
:10EB0000E1007CE0003EE000FEFF0FFEFF0FFEFF95
:10EB10000FFEFF0F00E00000E0000E00000000808C
:10EB200001F88703FE8707FE870FFE070F0E030E0F
:10EB30008E030E8E030E8E070F8EFF070EFF070E3D
:10EB4000FE0300FC000000000E000000C07F00F08B
:10EB5000FF01F8FF07FCFF073E0E0F0E070E0E0722
:10EB60000E0E070E1E0F0F3EFF0F3CFE0738FE0372
:10EB700030F8010000000E0000000E00000E000042
:10EB80000E00000E000F0EE00F0EF80F0EFE0F8E9F
:10EB9000FF00CE0F00FE0300FE00003E00001E003E
:10EBA000000000000E000000F0E001F8FB03FCFB99
:10EBB00007FEFF0F1E1F0F0E0E0E0E0E0E0E0E0E78
:10EBC0001E1F0FFEFF0FFCFB07FCFB03F0E0010024
:10EBD00000000E000000F08301F88703FC8F07FEA1
:10EBE0009F0F1E1E0F0E1C0E0E1C0E0E1C0E1E8ED8
:10EBF0000FFCFF07FCFF03F8FF01C07F00000000CF
:10EC0000000000000000005F000000070007001483
:10EC10007F147F14242A7F2A122313086462364942
:10EC20005522500005030000001C22410000412233
:10EC30001C00082A1C2A0808083E0808005030005A
:10EC4000000808080808006060000020100804029E
:10EC50003E5149453E00427F4000426151494621B4
:10EC600041454B311814127F1027454545393C4A20
:10EC70004949300171090503364949493606494970
:10EC8000291E003636000000563600000008142207
:10EC900041141414141441221408000201510906ED
:10ECA000324979413E7E1111117E7F494949363EF4
:10ECB000414141227F4141221C7F494949417F090D
:10ECC0000901013E414151327F0808087F00417F20
:10ECD00041002040413F017F081422417F404040D5
:10ECE000407F0204027F7F0408107F3E4141413E85
:10ECF0007F090909063E4151215E7F0919294646CF
:10ED00004949493101017F01013F4040403F1F20F7
:10ED100040201F7F2018207F6314081463030478A9
:10ED20000403615149454300007F4141020408103A
:10ED30002041417F00000402010204404040404065
:10ED4000000102040020545454787F484444383869
:10ED500044444420384444487F3854545418087E6E
:10ED6000090102081454543C7F0804047800447DCF
:10ED700040002040443D00007F10284400417F4077
:10ED8000007C041804787C0804047838444444382F
:10ED90007C14141408081414187C7C080404084813
:10EDA00054545420043F4440203C4040207C1C20CC
:10EDB00040201C3C4030403C44281028440C50501B
:10EDC000503C4464544C44000836410000007F002D
:10EDD00000004136080008082A1C08081C2A0808F8
:10EDE0006070787C7E1C362A361C303E3F3E3007F1
:10EDF000087F09077C444444387C7C4444387C7C4C
:10EE00007C44387C7C7C7C381E3276321E000002CA
:10EE100005020000000000000000000000000000EB
:10EE200000000000000000000000000000000000E2
:10EE300000000000000000000000000000000000D2
:10EE400000000000000000000000000000000000C2
:10EE500000000000000000000000000000000000B2
:10EE600000000000000000000000000000000000A2
:10EE70000000000000000000000000000000000092
:10EE80000000000000000000000000000000000082
:10EE90000000000000000000000000000000000072
:10EEA0000000000000000080C0E0F0F8FCFEFFFE63
:10EEB000FCF8F0E0C080000000000000000000004E
:10EEC00000008080808080C0C0C0C0C040606060A2
:10EED0006060707030100000000000000000000052
:10EEE0000000000000000000000000000000000022
:10EEF0000000000000000000000000000000000012
:10EF00000000000000000000000000000000000001
:10EF10000000000000000000000000000000008071
:10EF2000C0E0F0F87C7E3F3F9F8F0F474323A1A1B5
:10EF300093971F5F4F0F2F2EA4A4969692D2534BF8
:10EF40004B4949492D0D0404040406060200000043
:10EF500020242E2A3A12022030181C16123E3E009F
:10EF60000000183C262222321E0C00000000000087
:10EF7000023E3E201008060220383E0E0200303EBF
:10EF80003E2A2A2A0A020002323E0E020202000033
:10EF90000000000000000000804030181C0E070731
:10EFA000030101000200090804140A0A0105050012
:10EFB0000002020001010100000000010303060C31
:10EFC0000810204080000000000000000000000049
:10EFD0000000000000000000000000000000000031
:10EFE0000000000000000000000000000000000021
:10EFF0000000000000000000000000000000000011
:10F000000000000000000000000000000000000000
:10F0100000000000FEE7FEE7FEE7FEE7FEE77047C0
:10F020007047704780B500F03FF816480168491CEA
:10F03000016001BD80B51448F6F729FC01BD80B51B
:10F040001248F6F724FC01BD80B51148FCF7CFFC4F
:10F0500001BD80B50F48F4F740F801BD80B50E48FA
:10F06000F4F73BF801BD80B50C48F4F736F801BD64
:10F0700080B50B48FCF722F901BD80B50948F6F7C9
:10F0800006FC01BD742600201C240020D42300208F
:10F0900040230020FC1D0020841E00200C1F0020A7
:10F0A000382500208C23002003480168034A127889
:10F0B00089180160704700BF58260020BD0B002052
:10F0C000F0B40246106895681318506803EB5004BA
:10F0D000C0071CD54D441AE013F8017B05F8017BED
:10F0E000491EF9D198B113F8011BC6F38106032E0E
:10F0F00008BF13F8016B01EB06214942801C29442B
:10F1000005D011F8016B05F8016B401EF9D1A3423F
:10F110000ED013F8016B16F0030104BF13F8011BA6
:10F12000C91C30090F28DBD113F8010B0F30D7E7CA
:10F13000F0BC02F10C007047425220536C617665BE
:10F140003A20000000000000000000000000000065
:10F1500000000000000000000000000000000000AF
:10F160000000000000000000000000005374617403
:10F1700065204441433A20000000000000000000E8
:10F18000000000000000000000000000000000007F
:10F19000000000000000000000000000000000006F
:10F1A00056616C7565204441433A20000000000020
:10F1B000000000000000000000000000000000004F
:10F1C000000000000000000000000000000000003F
:10F1D0000000000044414320346D413A200000000B
:10F1E000000000000000000000000000000000001F
:10F1F000000000000000000000000000000000000F
:10F2000000000000000000004441432032306D4106
:10F210003A20000000000000000000000000000094
:10F2200000000000000000000000000000000000DE
:10F230000000000000000000000000004375727232
:10F24000656E743A2000000000000000000000001D
:10F2500000000000000000000000000000000000AE
:10F26000000000000000000000000000000000009E
:10F27000A0860100400D0300801A060000350C0036
:10F2800040420F0080841E0000093D0000127A00F9
:10F290000024F40000366E010048E801006CDC0236
:10F2A00069DB00080000000099DB0008A7DB00080C
:10F2B000C9DB0008DFDB0008E7DB0008FDDB000836
:10F2C0001BDC00081FDC000831DC00083031323361
:10F2D0003435363738396162636465666768696AF0
:10F2E0006B6C6D6E6F707172737475767778797AF6
:10F2F000000000003031323334353637383941427E
:10F30000434445464748494A4B4C4D4E4F50515255
:10F31000535455565758595A0000000010B5074924
:10F3200079441831064C7C44163404E00A68081D00
:10F33000114488470146A142F8D110BD2C000000BD
:10F34000480000004EF68851CEF20001086840F4F3
:10F3500070000860BFF34F8FBFF36F8F4FF00070E6
:10F36000E1EE100A70470000A726FFFFDC1A00003C
:10F37000C00B00200000000049FDFFFFB4080000A2
:10F380007E0A0000000000200D0A3D3D3D3D3D3D50
:10F390003D3D3D3D3D3D3D3D3D3D3D3D3D3D3D3D9D
:10F3A0003D3D3D0D0A000000616C61726D2066619B
:10F3B000696C3A2025642D25643A25643A25643A1F
:10F3C00025640D0A0000000000F00DF8002801D0AF
:10F3D000FFF7A4FFAFF300800020AFF30080F7F742
:10F3E0008DF900F002F80120704700F001B800002C
:10F3F00007463846FEF778FDFBE700003D3D3D3D02
:10F40000204D41494E2050524F4752414D494E47A1
:10F41000203D3D3D3D0D0A003D3D3D3D3D3D3D3DD9
:10F420003D3D3D3D3D3D3D3D3D3D3D3D3D3D3D3D0C
:10F430003D0D0A00755F6170705F636F6D6D3A20FE
:10F4400074782074696D65722063620D0A00000093
:10F45000755F6170705F636F6D3A207561727420C3
:10F460002564206572726F72210D0A00755F6170EC
:10F47000705F636F6D6D3A207365742072746321E1
:10F480000D0A00004C4556454C5F554C5452415FA7
:10F4900053414F564945540073616F7669657467EF
:10F4A000726F75702E636F6D2E766E0053565448D2
:10F4B0005F53564D5F444C535F56315F325F3200AD
:10F4C00061742B72646C617374666F726C6F673DEC
:10F4D0000000000061742B72646C617374666F725B
:10F4E0006F706572613D000061742B72646C6173B2
:10F4F00074666F726576656E743D000061742B7280
:10F50000646C617374666F726770733D0000000015
:10F5100061742B726573746F7265736C6176653F8D
:10F5200000000000456E7465722050617373776F40
:10F5300072640000312E436F6D6D756E6963617486
:10F54000696F6E00332E43616C6962726174696F1A
:10F550006E000000342E496E666F726D6174696FC3
:10F560006E000000434F4D4D554E49434154494FA5
:10F570004E200000312E4D6F646520202020203A5F
:10F5800020000000322E4D6F646275732049443AAA
:10F5900020000000332E4D6F646275732042523A92
:10F5A00020000000434F4E464947555245204D4FDD
:10F5B000444500005375636365737366756C6C79BD
:10F5C0002100000000000000000000000102030410
:10F5D00006070809526573746F7265204F4B210D41
:10F5E0000A00000061742B6D7174746D61696E3D69
:10F5F0000000000061742B6D7174746D61696E3F61
:10F600000000000061742B6D7174746261636B752E
:10F61000703D000061742B6D7174746261636B7571
:10F62000703F000061742B726573657470756C7344
:10F63000653F000061742B666C6F77746872657348
:10F64000683D000061742B666C6F77746872657337
:10F65000683F000061742B7175616E746872657328
:10F66000683D000061742B7175616E74687265731A
:10F67000683F000061742B6261747468726573681E
:10F680003D00000061742B62617474687265736878
:10F690003F00000061742B65726173656D656D3F9D
:10F6A0000000000061742B667776657273696F6E77
:10F6B0003F00000061742B6C6F67696E6465783F72
:10F6C0000000000061742B72646C6173746C6F676E
:10F6D0003F00000061742B6C6576656C63616C693A
:10F6E000623D000061742B6C6576656C63616C69CA
:10F6F000623F000061742B6C6576656C746872659E
:10F7000073683D0061742B6C6576656C7468726516
:10F7100073683F0061742B65786261747468726508
:10F7200073683D0061742B657862617474687265FA
:10F7300073683F0061742B776D6368616E6E656CF2
:10F740003D00000061742B776D6368616E6E656CBF
:10F750003F00000061742B6D6F64696E666F723DCF
:10F760000000000061742B6D6F64696E666F723FFC
:10F770000000000061742B7072657373696E666FB0
:10F78000723D000061742B7072657373696E666FF1
:10F79000723F000061742B7265736574736C6176DF
:10F7A000653F000061742B73746174656461633F2D
:10F7B0000000000061742B73746174656461633DC3
:10F7C0000000000061742B76616C75656461633FB5
:10F7D0000000000061742B76616C75656461633DA7
:10F7E0000000000061742B7365746461636D696E61
:10F7F0003F00000061742B7365746461636D696E12
:10F800003D00000061742B7365746461636D617801
:10F810003F00000061742B7365746461636D6178EF
:10F820003D00000061742B63757272656E746F75B4
:10F83000743F0000014880470148004745F8000830
:10F840004DFA00080248016851F4700101607047E8
:10F8500088ED00E044697374616E63650000000028
:10F8600043757272656E743A20000000322E436F49
:10F870006E66696775726500312E4D6F6465203A5A
:10F8800020000000322E4C6576656C3A20000000A6
:10F8900043414C4942524154494F4E00332E4F662A
:10F8A00066736574203A2000342E526573746F724B
:10F8B000652020002A56657273696F6E0000000093
:10F8C000576562736974653A00000000AB880008F0
:10F8D000B5880008D38800085265736574204F4BC3
:10F8E000210D0A0061742B736572693D00000000F0
:10F8F00061742B736572693F0000000061742B73A3
:10F90000696D736572693F0061742B7377736572FB
:10F910007665720061742B647574793D0000000097
:10F9200061742B647574793F0000000061742B666C
:10F930007265716D696E3D0061742B667265716DE3
:10F94000696E3F0061742B73617665626F783F006A
:10F9500061742B6E756D77616B653D0061742B7200
:10F960006561646C6F673D0061742B70756C7365C5
:10F970003D00000061742B70756C73653F000000E2
:10F9800061742B64656275673D00000061742B64CF
:10F99000656275673F00000061742B6D7265736569
:10F9A000743F000061742B7573657275726C3D0055
:10F9B00061742B757365726674703D0061742B748D
:10F9C0006573746C6F673F0061742B726561646C62
:10F9D0006F673F0061742B736C6176653D000000BA
:10F9E00061742B736C6176653F00000061742B6F4E
:10F9F0006E74656D683F000061742B6F6666746598
:10FA00006D683F0061742B6964736C6176653F00BB
:10FA100061742B6964736C6176653D0061742B625F
:10FA200072736C6176653F0061742B6272736C61F6
:10FA300076653D001F1C1F1E1F1E1F1F1E1F1E1F41
:10FA40001F1D1F1E1F1E1F1F1E1F1E1FAFF3008026
:10FA5000FFF778FCFFF7B8FC4C6576656C0000009A
:10FA60004D6F646275730000345F32306D41000089
:10FA70002020202020200000446973743A200000D8
:10FA800041443A2000000000312E50313A2000005D
:10FA9000322E50323A2000002A4D6F64656C00000F
:10FAA0000000000001020304941F00200000000079
:10FAB00094200020000000004552524F52000000E8
:10FAC000206D410D0A000000000000000C00000045
:10FAD000000000000C000000000000000B0000000F
:10FAE000000000000B000000000000000900000002
:10FAF000000000000A0000000000000009000000F3
:10FB000061742B7274633D0061742B7274633F00E7
:10FB100061742B6770733F0061742B656E64000025
:10FB200014210020000000003C4E554C4C3E0000CB
:10FB3000252E2A6600000000686A6C747A4C00006A
:10FB4000206D4100206D0000FFF7FEBFFFF7FEBFF4
:10FB5000FFF7FEBFFFF7FEBFFFF7FEBFFFF7FEBFD9
:10FB6000FFF7FEBFFFF7FEBFFFF7FEBFFFF7FEBFC9
:10FB7000FFF7FEBFFFF7FEBFFFF7FEBFFFF7FEBFB9
:10FB8000FFF7FEBFFFF7FEBFFFF7FEBFFFF7FEBFA9
:10FB9000FFF7FEBFFFF7FEBFFFF7FEBFFFF7FEBF99
:10FBA000FFF7FEBFFFF7FEBFFFF7FEBFFFF7FEBF89
:10FBB000FFF7FEBFFFF7FEBFFFF7FEBFFFF7FEBF79
:10FBC000FFF7FEBFFFF7FEBFFFF7FEBFFFF7FEBF69
:10FBD000FFF7FEBFFFF7FEBFFFF7FEBFFFF7FEBF59
:10FBE000FFF7FEBFFFF7FEBFFFF7FEBFFFF7FEBF49
:10FBF000FFF7FEBFFFF7FEBFFFF7FEBFFFF7FEBF39
:10FC0000FFF7FEBFFFF7FEBFFFF7FEBFFFF7FEBF28
:10FC1000FFF7FEBFFFF7FEBFFFF7FEBFFFF7FEBF18
:10FC2000FFF7FEBFFFF7FEBFFFF7FEBFFFF7FEBF08
:10FC3000D0033132333400014008F401000043A006
:10FC4000000801011A1003D0070000851052022994
:10FC500012640850032DA10008031010038813003C
:10FC600000A9105204102128500327A200080510F3
:10FC7000120A08125B10100284F400082B130031E2
:10FC800001B2200120100000456E74657220746F6F
:10FC90002053657475700000201005576169746900
:10FCA0006E670B4110200320446F6E6509520010EF
:10FCB00030034572726F721F10080054F800085824
:10FCC000FA00086004126804217B5270085305FE94
:10FCD0008911A121D38360F8181340FBC84218B4DE
:10FCE0004324F51852072F8004011C000103000172
:10FCF00061182002023A0001ECD2343020020012D6
:10FD00000002F4D36CF848111812060CD2443012D9
:10FD10000218210CD254181203182111E264601049
:10FD2000021C0003090CE274A824010400036452BD
:10FD300084186101120218120B1152941865A01256
:10FD40000318120C0CF201A46013040D0CE278C02D
:10FD500020020400040E60511816023816443811AF
:10FD60006013040F11D290302003002400051048C6
:10FD7000958021301148130511116280186160F0DF
:10FD800002025500051218120218F202131812038B
:10FD90001812140CD28860119023051590D11811F7
:10FDA000F0F00104051600A8F00104061700A8F3FE
:10FDB0000206187811A81306190CF3009CF87813A2
:10FDC000061A11D2A860117813061B0CE2B47880D1
:10FDD000031C00071C0001956813071D0CC398FA4B
:10FDE00030120230F2021E301160F303071F482C5C
:10FDF000011800081403EAB458F0030118020910AE
:10FE00000001E20114B3093D121751841451122567
:10FE1000788F5D840C0421108FD3840C042101128F
:10FE2000DF1052043112E8198FFB840C042101A069
:10FE3000030185000806B811105EAC1C04E002C086
:10FE40000B00208F800439200008392084210812FB
:10FE50003F10436D208852010412E7104315218C96
:10FE600061184385213C29FC52031452AF1421949C
:10FE700052041452D9142198520514431722142500
:10FE8000405206142110124118255952076812F5E4
:10FE9000102C024F2300089C03520914100307245E
:10FEA000000861042D9803520B1410031925000853
:10FEB00079042110520D5010033526000863042DDB
:10FEC0009003520E1412D11020020327000824437D
:10FED000001014127D1012A90431245114100317BC
:10FEE00028000843042D840352021412B91012E5AD
:10FEF0000425E852031410035B290008870412B09C
:10FF0000ED1260A11EC06D031F8025FC0412381D78
:10FF1000124B0C1D70051300961812DA0812E1043A
:10FF20003FC201F9045714208C46011421044FEDFF
:10FF30009D1806611047F39D84210C290C47219ED2
:10FF4000802110100360EA0000371061402128472B
:10FF50008D01C82110251C129F105202202D7806F9
:10FF600013690240511013983A9F4A034C21102DF7
:10FF7000880612671052051012FA04127B10CB94F7
:10FF8000213447E4F8A052011552F01069B447FC3F
:10FF9000F88469B447E4F5806D200552F41069B423
:10FFA0004704F67869B45214106D58034308F950A9
:10FFB00062082042F970520910522010520A105261
:10FFC0002C30520B10523810520C10522460520D2B
:10FFD00010524420520E10525010520F10525C100A
:10FFE0006DDC0352344062114051105212105254D1
:10FFF000105213105264105214104B74F67C5215A8
:020000040801F1
:10000000105284105216104B68F9EC6217305110E0
:10001000531800014EFB3403521910520810521AA3
:1000200010528030521B10528C106D14054F98F9ED
:100030003803521D104794F6906D040552A4906D3C
:10004000FC0456A400690552B01052211052B4406D
:1000500052221052BC2052231052C8105224105267
:10006000C4605225104FC0F4500352261012D41011
:10007000254C52271052E810622820555052291062
:1000800052E410522A104FF4F6B403522B104304DA
:10009000F710522C10561030522D1052FC80622E48
:1000A000605530522F1052E01052301052145052FE
:1000B000311052241052321056EC6052331056F860
:1000C000006D090A4734F700523510524410523679
:1000D000104754F75052371052641052381043747E
:1000E000F7F0523910528410523A10529410523B89
:1000F000104310F5E0523C104304FA906D8606520E
:100100001010523E10521C10523F105228105240F4
:100110001052A49052411052B41052421052C410C6
:1001200052431052D41052441052E4F0524510522F
:10013000F4105246104304F8105247105214105253
:1001400048104324F8E05249104F18FB58064B70F2
:1001500018A343701A081003CCF20008F404F30942
:0F016000A63F0452FF01E33620141920030103C8
:040000050800FA4DA8
:00000001FF
